1,97.21939066,101.3639098,107.4569388,110.7874508,112.9851625,112.4822236,113.7870086,114.3181204,114.9669871,115.675022,0,0.835560986,1.839392423,2.919791009,4.199651588,5.069416222,5.832557595,7.043809537,8.020783528,9,16.6639988,20.70617907,26.68709547,30.46846981,35.66970287,37.88181816,41.91741417,42.37848619,44.08838157,48.59905842,-2.093636291
2,97.61756103,105.7263614,111.3412189,115.2606451,120.6562165,127.48936,128.3884259,128.7485636,129.5551662,131.966826,0,0.985871202,1.899914249,2.966389363,3.76985346,4.957514336,6.03060801,6.897116571,8.08841621,9,10.75981907,14.83473391,19.9521896,22.44711463,24.5470154,27.84963458,31.14156572,31.80678028,34.53711661,35.43445454,1.089697925
3,104.5667402,111.8986217,119.1416069,120.6864304,125.8269233,130.5009922,132.8521871,134.6303073,137.8250047,138.7171441,0,0.917209891,2.058661011,2.864591604,3.898463999,4.854257053,6.248361734,6.926741998,8.127696587,9,14.72711588,20.09240864,24.66759248,30.8160868,32.60631369,36.83866676,41.68592019,43.61004826,45.18269026,46.23465049,0.162811764
4,100.7688274,110.0602291,115.2647662,118.2532122,121.3023391,126.668251,126.8462044,129.2240024,128.6387846,132.2657877,0,0.964707913,2.137933357,2.855731963,3.815079115,4.806041045,5.839865049,6.854499048,7.773991028,9,9.50803127,16.28184931,20.36884996,24.00820246,27.82352576,30.00678482,30.20499649,34.71537,37.59017483,36.3633258,-0.22578606
5,96.07356185,104.3487446,108.6539334,115.4575693,119.8296213,124.1100643,125.8241399,125.8275172,127.3327437,128.6388752,0,1.035187544,1.811472798,2.89409342,3.989628518,5.168860496,5.948078441,7.079761409,7.764432988,9,12.99166326,17.4718498,22.36969012,25.90784436,30.92924138,35.58199281,36.6087738,39.40681833,40.77562905,40.67365118,-0.443594851
6,93.14784521,100.6216088,102.3271859,107.5726305,112.7090094,113.3616733,117.982008,117.6013856,120.1810859,124.4531142,0,1.121526998,2.01162108,2.863235262,4.083130169,4.863801536,6.220850305,6.813891148,8.174460861,9,9.94407049,14.04198201,17.39193102,20.18658557,24.17782362,26.65388451,29.65001486,29.21631305,32.21065105,35.91654453,1.496587322
7,101.2854654,110.5673599,113.2885621,118.9640111,120.8015957,122.7724963,124.5851427,125.6738214,125.8712381,127.5093597,0,1.05819023,2.14496759,3.00799151,3.881961643,5.117964481,5.933770792,6.984523439,8.00119123,9,9.42914218,15.75768617,19.2417443,23.9413405,27.58651909,31.32065125,31.85527883,35.94716626,35.19989728,37.75819295,0.009136916
8,102.9884991,110.5891325,113.7420797,119.5155824,122.992721,126.47219,130.2325147,134.0895943,137.4913861,140.79565,0,1.050606932,1.971780147,3.016485507,3.776938565,5.032106105,6.053231204,7.019747734,8.076148778,9,12.37772658,15.98480328,22.85630094,25.66324181,29.31030434,30.48518366,34.62471505,34.59428715,36.07614021,37.46795684,0.10399304
9,101.8919435,111.8596947,116.8134501,123.5930952,130.3770989,133.5669174,134.7881267,136.7797737,141.132835,141.9198917,0,1.09504498,2.05708726,3.213162908,4.246232969,5.086908818,6.05087771,6.908653458,8.201537054,9,11.6953244,17.61011402,20.88690817,29.35166243,32.17612521,33.03293378,38.6381256,40.46979617,42.14176902,41.79110878,1.108203325
10,95.82213092,103.0576881,106.5014031,111.0825361,112.1585448,115.3069374,118.6322507,120.176775,120.5601304,122.8128979,0,1.105582395,2.16236375,3.0501656,3.801379016,4.801560093,5.866684807,6.990172419,7.776706508,9,9.076394427,14.3471008,19.34859588,23.84888773,24.00259624,28.36765627,31.94803233,34.04236615,33.23757316,36.17661666,0.651491274
11,101.4202625,111.5770557,117.1387121,123.3551363,132.9066822,137.5039705,138.7703241,139.9517165,140.7559974,141.6550974,0,0.967719333,1.961452535,2.794958622,4.078300314,5.080385085,6.097676771,7.048927752,8.091671375,9,7.707788416,13.68346126,18.18874591,21.43696171,25.45881125,28.99705917,33.07735697,34.00570293,35.84223088,35.80679442,-0.202832298
12,95.49398439,102.1700532,108.8975137,113.8643547,119.2298914,119.0442235,120.5578058,121.3867302,122.6505065,124.6096494,0,0.768839585,1.954516095,3.155173808,4.238278808,4.765714532,5.967881699,6.962200791,8.194925289,9,6.250838044,9.424283294,16.21346902,20.6194158,21.87627057,25.06566033,29.20221119,30.45274209,30.56683716,32.31634828,0.470464401
13,96.77066198,102.7017207,104.6102074,106.934377,112.7409673,115.0284128,114.4830232,116.8100038,118.2947043,117.8217787,0,0.822062158,1.975673601,2.833300467,3.878928479,5.116958775,6.023394354,6.915116352,8.132794798,9,3.598305276,6.134829687,9.296807164,12.76890037,15.57521583,18.73963425,20.55268924,21.06159092,22.48666669,22.47962192,0.61002559
14,95.74160186,102.8719326,103.7415976,107.3961154,111.1245322,111.5616136,113.7752392,112.3431893,113.2852961,113.0508186,0,1.11182655,1.868832904,3.091186924,4.07310332,5.110252849,5.943323101,6.825674698,7.876104739,9,7.539426047,13.85406474,14.21929801,18.70532139,22.88225998,26.39912143,28.8872418,31.60490329,32.49226853,33.23727821,-0.618221467
15,95.24322603,104.9636023,111.5792869,112.254392,114.5054166,119.2486899,122.0126171,124.6702689,127.2658683,129.683205,0,1.035370154,2.108342893,3.158781474,3.826803454,4.878104195,5.890213018,7.032331504,7.780590915,9,10.43901467,16.88477069,23.27430789,28.82414806,29.53647051,35.89179863,38.89091708,39.92224312,41.08970603,45.05726403,-1.33736108
16,101.0514093,108.0310696,115.0509226,120.7146615,123.0924174,125.3276854,124.4857661,124.1209862,126.9906113,130.2698071,0,0.886543698,2.076214836,3.233467299,4.106444214,5.063384818,5.988024745,6.996196612,8.05037878,9,6.364277567,11.92199302,20.23999967,25.90587904,28.69423996,31.81744984,34.64500846,35.65321704,36.70668543,38.16652804,0.350264148
17,98.62699329,106.8590873,107.2238709,116.1280521,117.4052954,122.306466,125.8128561,125.1052299,128.6214307,129.109841,0,1.091634758,1.784969886,3.22444819,4.022293905,4.904668905,6.054612275,7.114982898,8.11721952,9,11.78879365,16.20976296,21.33161745,25.36497432,28.41858301,32.04408355,37.02771167,34.57886761,37.99669095,37.98111832,-0.32158869
18,108.0763552,119.8284384,123.7913632,136.401087,137.3529691,145.5131958,152.4687935,154.091862,161.1153604,167.2288887,0,1.021623938,1.876873681,3.227475582,3.884623495,5.08146138,5.960875417,6.908196047,7.968795676,9,24.75464398,29.66353811,33.54645406,39.96809672,42.1826906,46.56865681,51.48878513,51.08020591,53.56396012,55.30336681,2.568112718
19,100.0439453,104.2483551,106.9939888,110.406946,116.3295294,114.5873309,114.9398028,117.3761453,116.0122665,117.344363,0,1.131119252,2.157943953,2.943335215,4.017052079,4.934778608,6.124744937,6.818120306,8.065699455,9,10.38655397,14.81629589,19.58848351,23.84273819,28.82576903,30.51992593,34.40738326,36.21603601,37.34223162,36.91872407,-1.005751352
20,102.520633,107.9540736,115.9372094,118.2901864,121.4458118,123.7849544,127.2322651,133.2811965,135.2537698,139.0574817,0,0.906586461,2.216562478,2.929604852,4.133104691,4.837284295,5.788259795,6.90711661,8.001439646,9,7.740540118,10.84889471,19.43357766,23.2462366,25.58110367,26.92095415,28.84739637,32.38627117,35.01894866,36.47886244,0.349516315
21,97.94361741,106.2145382,107.1777509,115.4329463,117.7162477,121.3782254,121.7868258,124.9950597,126.9007442,132.8390938,0,1.166115683,1.755988249,3.177930677,4.172725377,4.97878613,5.750877702,7.05885863,7.865314364,9,10.03690801,19.13865538,20.18169076,27.58910831,33.81669854,37.54915896,37.47324527,42.88310998,45.16294767,46.36713822,-0.292803363
22,92.27644602,98.31295033,99.85442995,104.9588741,106.0367479,110.0614351,109.6402608,113.0748711,110.3298918,111.7000071,0,1.096268862,1.957352634,3.075075814,3.997727753,5.135994373,5.933507758,7.106276904,7.850924292,9,3.924624321,9.597102227,12.4569346,16.73256668,19.02027793,21.49605098,22.27760218,25.49979725,25.15636063,26.46404245,-2.122246153
23,98.35247468,103.9990225,107.4455712,111.9363362,115.7351801,117.7513348,117.8183094,121.6881151,123.4808369,124.1177402,0,0.964793509,1.956871675,3.001686424,4.007857099,5.199976188,6.218881959,7.203980336,7.999530197,9,4.389219696,7.371473656,11.48761774,14.52539226,16.72359322,21.2696926,20.95067154,23.72646717,22.98400146,25.06045372,0.987455694
24,106.02072,115.5222808,123.4546157,127.9234431,130.8855037,134.9324239,138.0087567,136.4906595,137.1373406,139.2540378,0,0.973236654,2.201997313,3.244689598,4.168158516,4.821490485,6.199026208,7.104397469,7.796464638,9,11.42296859,17.55852944,20.14999477,24.64803784,26.27172064,29.8555375,29.68893177,31.99712402,33.12882777,33.71092742,0.569952498
25,95.38839394,105.4805634,108.6218966,111.7934748,117.9262917,119.1822908,123.8471038,124.9446564,126.8293551,129.8355056,0,1.22535776,2.201489873,2.990528524,3.925405551,4.899811873,6.106797209,7.213205575,7.982666427,9,8.086872636,14.0702877,21.3684156,22.37064384,28.71140423,31.30508634,34.65552166,36.26271832,36.61338544,39.18408702,-0.606829571
26,98.71278544,105.8277907,111.1769962,116.3150932,121.1532461,123.5792128,125.0744033,126.5741387,128.8584486,131.1463329,0,1.127977336,2.129628329,3.246685634,4.143375827,5.156260451,5.845384185,7.132704121,8.157125509,9,10.72948458,14.98518587,20.50022869,25.67923312,26.35585791,28.10079148,30.66000299,33.40439315,34.09766047,36.00109825,1.635499478
27,107.2336439,117.6192225,122.0434045,123.3580919,134.6109365,135.0275321,137.4639727,138.9962022,140.1328397,141.5358951,0,1.104761198,2.230348208,3.072224545,4.243922427,5.041032945,6.137980765,7.137407829,8.193702816,9,17.93195678,24.22263484,30.31357928,31.01970892,39.72094621,41.21996952,44.61162647,46.21624931,49.36311132,50.99236293,0.703957985
28,102.2573695,109.5041835,115.7462444,116.5920115,120.4158568,125.632372,126.8370484,126.9222585,128.6584238,128.7994736,0,0.969065123,2.199425803,2.837554735,4.072894634,5.135203329,6.081208487,6.915823907,8.016067191,9,18.83311402,22.61861225,30.61057118,30.6317633,37.27227323,43.69488302,44.64841955,47.64721728,50.47558142,49.47992985,-1.48522774
29,97.45226897,104.262805,108.0341749,113.5016617,115.9684157,121.2950025,126.3753275,127.0924901,129.5100935,130.715327,0,0.806648049,1.923283913,3.00349632,3.84179979,4.789925019,6.09466682,7.031112795,8.145991358,9,4.669882253,6.73101906,13.47964551,15.6713357,18.36301782,20.93254943,25.49933365,24.94726711,28.33455127,28.18909,-0.368153108
30,113.4303222,120.077055,124.1658821,131.1118353,134.8704541,137.145864,142.6237277,145.4766984,151.1236695,155.997678,0,0.75932708,1.820602895,3.042745793,4.231841385,4.789902388,6.057423106,6.969655011,8.09142773,9,11.07625351,14.64224002,17.49853309,24.56532064,25.4590185,26.58706922,30.75840136,31.60232976,33.30156387,34.50895242,0.711886109
31,87.95288974,94.84330056,96.94413298,102.7356052,103.7291899,104.7888468,105.2461743,107.8317007,108.5607411,110.0575887,0,1.189977309,1.923982409,3.198752917,4.059895071,4.812392695,5.826963507,6.920038393,7.856392921,9,7.347096349,12.01783283,15.43808345,20.0214028,21.82865686,23.47970003,27.92394898,28.35363055,30.30364571,31.33372975,0.352980778
32,100.7401076,108.8877936,113.0990809,119.6788044,122.1534127,128.5440067,127.0719651,126.3194276,128.9032058,128.4029969,0,0.891224802,1.945621712,3.089506936,3.920378557,5.188698875,5.847873424,7.147095917,8.003612482,9,17.89075601,22.61021087,29.83716067,33.58099184,36.7706771,42.68714035,43.29041453,47.79146504,47.81915201,47.73200834,-0.667249264
33,106.3595187,113.2766903,114.845437,121.3569368,128.8204568,129.5501899,131.669974,133.8770473,133.9723608,134.6773726,0,0.969090656,1.801986604,2.822438734,4.13784511,4.802795824,6.06536531,6.888172821,8.128050515,9,12.44013284,16.79111132,20.98339204,24.55595732,29.65023606,32.41618805,35.06573337,36.99535757,38.30498689,39.60201574,-1.571867449
34,106.2660144,115.6561609,122.8254414,126.0047333,137.0218643,139.6903497,141.5148444,143.790764,148.3304594,149.3343874,0,0.979412641,1.995819355,2.854565142,4.154594522,5.220267598,6.050973938,7.161904309,8.110856216,9,16.01902097,20.26315627,25.92825889,30.73754686,35.94812993,38.90563268,45.10325861,47.71051265,48.95378657,50.15471096,1.272057132
35,104.0313828,108.5288373,118.747386,122.643833,127.9698427,135.255098,133.1777679,133.7920046,136.6588356,136.6226194,0,0.804211986,2.19349439,2.897634391,3.88293791,5.039500388,6.116289784,6.853105012,7.853229875,9,9.717249502,15.33104318,20.80608016,21.79450481,27.01752475,32.04515405,33.70946083,33.1782246,37.0510719,35.81866009,0.85200801
36,99.98857862,105.2659067,106.2731095,111.387812,115.5675751,117.5416978,116.691757,117.1964898,117.807277,120.0675603,0,1.229453946,1.788973205,3.047614761,4.039395815,5.059852938,6.082493037,6.829587055,7.948821631,9,3.547862941,7.284534557,10.2001682,15.415083,17.38770024,20.27387477,22.37870498,21.35060184,23.01709124,24.36902908,-0.487520759
37,111.260851,117.1420754,122.136581,125.0742264,129.6920738,133.6359668,136.2800861,137.6999665,139.4734243,139.2258452,0,1.054786554,1.847618735,2.900259597,3.894145469,4.876241647,6.015292285,7.056331414,8.211245313,9,9.760266516,15.46222989,19.153929,22.24337648,26.61192691,30.54358243,32.31536651,35.9141759,34.93484632,38.02926531,0.620637362
38,112.0415379,122.2526906,123.7330288,133.0598673,138.4594649,147.3111685,149.3746482,150.9348732,153.6792461,156.258156,0,1.208671007,1.753731962,2.85293648,3.770675472,5.14144535,6.172623532,7.175728657,8.236915781,9,17.47114764,23.68375872,24.77742608,28.39702711,32.45475062,35.72639881,39.47079439,40.19532735,39.30227572,41.73266036,0.825130453
39,96.10395102,103.7856906,108.5844523,115.0900888,120.1258702,123.1153293,123.6160993,124.4900574,124.1303103,125.7040498,0,0.856460426,1.805872614,2.920743894,3.915825028,4.754997963,5.767169448,6.909682098,7.846537549,9,10.65423991,16.43742869,20.49031347,23.67655429,27.82141637,31.54315988,35.22205978,35.74548286,37.52486194,38.69522256,-0.827590952
40,102.1108782,107.3632967,115.9085712,121.8881791,128.7189687,129.4925218,129.6268326,131.7606753,134.0877479,137.8078053,0,0.920653273,2.050476059,3.236243654,4.208761301,5.241945052,5.840671745,6.818853622,7.93904513,9,13.6800932,16.85043996,22.7058673,30.0652477,33.7790963,37.78767598,37.67929841,41.54480779,45.59653364,46.27180173,0.732988089
41,98.5793172,107.9111078,108.3830294,116.7028786,120.1037427,120.2143605,119.7752899,121.3093128,123.3861854,123.4939009,0,1.128971079,1.845334328,3.066019437,4.143010489,5.10200741,6.057933409,6.764891342,7.93851064,9,17.48996756,24.71923902,27.92521545,34.824164,40.2422039,40.9151515,44.96789066,46.23846205,50.43842803,49.73118478,-0.582416947
42,100.6343378,111.0301123,113.2001958,123.8710404,126.7387408,132.4498663,133.3711369,134.7585096,135.64822,137.3401079,0,1.185611452,1.763950265,3.111497369,3.931407899,5.121741061,6.169674787,7.050872863,7.862418756,9,12.07892574,16.66560869,19.58530751,22.78459436,24.04714356,27.93635431,29.86574073,31.43283603,31.76578274,32.59941784,0.042036399
43,105.404101,114.114442,119.3805823,127.2332232,132.9878991,134.6647426,138.2772651,141.0540572,142.6363052,143.9857867,0,1.071989848,2.023635053,3.087748838,4.191796123,5.025055323,6.1605532,6.762419529,8.173215267,9,10.22735324,16.44528699,20.32925418,23.03407918,25.57075359,29.05875905,30.59899539,31.78366655,34.97946513,36.46905659,-0.174355008
44,101.2699487,112.9473681,117.8420836,120.6426524,126.5250886,128.4481152,131.3517278,134.7701111,133.8377043,135.8310967,0,1.216427362,2.090505288,2.880446286,3.817445975,4.820005706,5.89658678,7.100930316,8.051750479,9,13.64806686,20.46867458,24.97366681,29.46976334,32.83302988,34.04460999,39.8722617,42.16280706,44.32013682,44.20036559,-0.119896706
45,100.2055116,104.656456,111.1341209,115.3866788,119.4154774,121.5214115,125.1950356,128.8568098,132.4961933,133.5643521,0,0.796997394,1.922002753,3.044652073,3.857259524,5.033752132,6.105763839,7.030186517,8.245135885,9,11.14044343,12.70448011,16.389545,19.99594876,21.64902876,24.09033249,25.29332001,28.36859386,27.23015983,28.06679934,-1.31261373
46,111.3010461,119.1575478,123.1573221,130.7322177,135.9529264,140.6420794,140.5090953,141.5897846,141.2928136,143.9253122,0,0.987044096,1.754574836,2.78216093,3.943639201,5.142361131,5.884341039,6.861851744,7.906887515,9,11.59867102,14.72793135,19.3895871,26.01402672,29.27946292,33.70434638,36.66769532,37.53686379,39.23166415,40.33605257,0.698309723
47,105.7299469,114.9647213,119.4940843,123.3802954,128.1183805,130.5403758,130.4320041,135.4455166,135.4803794,139.242326,0,1.148812406,2.239454558,2.895642743,4.132266709,5.111678302,5.797359939,6.878536389,7.834291045,9,4.19385838,11.39462993,14.3513016,17.28777892,22.4238961,23.41923349,26.0403429,29.56871418,27.14994144,30.593334,0.640851141
48,102.0103265,110.8530444,114.0040754,120.6569055,123.8300143,130.7662754,131.7713726,135.7813294,137.0630336,137.7265203,0,0.815102727,1.774319807,2.879398151,3.817922629,4.75823723,5.765750262,7.050124795,7.955019276,9,10.27863757,17.44307851,18.76171207,22.51309698,25.99881787,27.95692662,28.72017867,31.86540323,33.65195819,36.18528986,-0.399906347
49,102.1163681,113.1112427,119.7857329,123.3001704,130.0166001,133.8073076,134.0177697,134.9987068,134.7173075,137.4719795,0,0.906136754,2.1110905,2.936244328,3.953190726,5.100610989,6.235104359,6.967618105,8.06782825,9,13.39774204,17.99432221,24.93294315,29.20026372,32.82883709,38.2036006,38.91028619,42.7424063,44.25712265,46.93993666,1.344737545
50,100.7975955,107.3639867,112.0202187,113.5715622,117.8205166,122.2355693,124.7105051,124.8383832,124.0594305,130.1148082,0,0.889246342,2.095280006,2.773812045,4.096130339,4.86251939,6.145445594,7.089458791,7.924747326,9,8.823166306,14.18079142,19.82300406,21.21662427,25.02035573,24.52201763,28.57798609,31.62615332,31.72817684,33.68256711,-0.158300337
51,99.66283735,108.6857935,119.1742639,122.54285,131.2546873,132.8472383,140.4977038,144.0220929,146.4354454,148.8722807,0,0.989022188,2.084289602,2.90223967,3.783778756,4.835410839,6.028613391,7.225214834,7.933964382,9,14.80082133,19.48636403,24.94603838,28.53913827,32.61533726,34.29223909,40.10813437,42.95288765,43.30197691,43.85587023,0.964696882
52,98.08111974,107.1860603,112.7699869,118.7113136,122.0633852,123.2194259,125.221226,126.9884754,127.8969287,128.554308,0,1.039457751,2.22056435,3.092047985,4.114742914,4.846096507,6.077648981,7.144887908,8.05503557,9,8.596796553,15.33829765,20.18798976,23.68413135,28.57826498,28.45024784,30.25725507,33.06287266,34.79692989,34.75385355,-0.385082274
53,101.5572639,111.4077268,114.7619156,118.0695996,125.7277785,130.0498457,131.4112902,133.5189059,133.4822173,137.0526455,0,1.227634875,2.01669019,2.815527735,3.957709157,4.886593677,6.245673374,6.996409755,8.222335635,9,14.50735295,20.49199244,24.37236592,27.44322811,32.85827241,35.33204993,39.5037086,40.57956318,42.69800626,44.85791667,-0.085651096
54,97.07911961,100.568872,108.049743,110.1453306,111.8541887,115.5121496,116.5077516,116.3096932,115.5005545,116.4943408,0,0.755039622,2.149161065,2.968285895,4.084085555,4.804171512,5.941666641,7.095499755,7.757226854,9,8.123063523,10.76306359,17.95742266,20.40943521,25.34729332,25.56559035,31.57867919,32.63729943,34.21555187,34.71100205,-0.134554402
55,91.14034248,97.06453097,99.46494008,106.8423559,109.3950596,112.0361532,114.7936689,115.5256159,114.540472,116.1766889,0,0.873695511,1.762854817,2.914341701,3.93549486,4.828679539,6.238505237,6.935014444,7.764978042,9,2.696140099,7.115876766,8.228582262,13.33404406,16.18679201,15.79310329,20.49468477,21.40644619,21.68635215,24.44967245,-0.093039416
56,97.95831998,104.7222048,109.0174591,112.1568551,117.7763852,121.5364454,120.2954179,120.5977663,120.4748446,120.4658969,0,1.004169769,2.233877026,2.804443471,3.99372155,4.7787378,5.858713004,7.037377201,8.175146637,9,2.686290951,6.791471345,9.767316045,12.50235194,14.3465495,17.12533687,18.69209678,20.37754737,20.04727017,22.17452409,-1.527589024
57,97.36029683,104.7937873,109.0385776,110.5496818,118.6718317,121.0409984,120.7962624,124.1210541,127.0643115,129.1663601,0,0.99735294,1.914825068,3.046122608,4.22667977,5.143032346,5.751709504,7.146301733,8.110566623,9,2.606015677,7.82212151,13.03105188,15.59433582,21.1689268,24.17641355,26.1182383,28.54910655,29.62775995,30.93116229,0.172035963
58,109.8020506,116.3439094,120.6857828,125.8391989,129.7766521,134.0713465,133.491031,133.0373861,135.2031436,135.177066,0,1.066420643,1.935854235,2.857359166,3.996295514,5.094446,6.067413202,6.775119595,7.964007771,9,13.85791667,16.17490881,19.58899772,23.76554926,26.5760337,30.10179732,33.40406449,32.67385883,32.57628271,35.51537594,0.600637284
59,100.8514396,109.7850143,121.4498984,125.501159,132.6676376,141.4114007,141.6627893,148.4512933,150.5616037,155.5813344,0,0.886468382,2.18419219,3.0041779,4.103574574,5.206358532,5.823799081,7.092924523,8.004249639,9,23.98493994,27.55914375,34.83066815,38.57813779,42.16913994,47.16604667,47.28446271,50.55711712,50.62394366,51.44310614,1.15078563
60,100.9201719,108.0241326,114.942393,118.9152009,125.9834119,127.1060192,130.273957,134.8451311,137.9088343,136.8100647,0,0.839353246,1.793059372,2.867712012,4.090695696,4.987759686,5.923124704,7.203726918,8.224599086,9,13.07048167,18.1293358,22.86601346,23.64271075,30.12191537,31.48351,33.78279591,37.37511538,37.80611328,37.11150501,2.492809223
61,97.8876154,105.620116,111.232652,118.2223806,124.9281708,126.8372473,126.5310733,126.6659346,128.9937076,129.9500186,0,0.90522284,2.006807627,3.189629035,4.144967868,5.099546407,6.249379532,6.841371589,8.08744382,9,19.72882497,25.07366899,31.57273746,35.55446146,40.71153396,45.8429534,47.11134901,49.84666263,52.13136508,54.53007188,-1.264553352
62,94.83806608,100.596515,105.6024142,110.5972383,114.0617729,116.1970334,117.1108611,118.1657466,118.7651185,119.6427656,0,0.864583247,2.183310927,3.01778406,4.110747452,4.778730581,6.146112048,7.026798198,7.960196166,9,2.775867442,8.214265449,10.73422062,13.97116666,14.12382515,16.94433992,18.97807844,18.46820687,19.67498263,21.76018609,-1.215385876
63,93.76151678,96.98195257,102.2675333,106.6600546,111.8030386,113.1674102,113.3070144,115.1251298,115.3932925,118.8707939,0,0.771451929,1.796801649,2.870873954,4.002795967,5.165768281,5.933553606,7.24364566,7.993677073,9,6.637669781,8.493274228,14.89322084,18.44871883,23.00151306,24.43531504,25.84246956,27.94497181,29.70721829,30.99335621,-0.085888041
64,99.54089884,108.2235966,111.7400611,118.3029321,121.9713696,122.7536903,128.0308816,131.0604653,131.4074351,133.6195484,0,0.971468482,1.871223514,3.173628979,4.190612039,4.768737108,6.207467185,7.079559541,8.106989991,9,9.737438139,15.74909435,18.80938375,25.6801047,27.91100161,32.33719265,35.01215302,36.13996708,39.38725606,39.24012641,0.957305751
65,110.865507,118.6268847,125.4230361,131.2054512,141.0930426,143.0500113,145.9446781,145.8166201,147.2838201,148.5422209,0,0.845001876,1.968182868,2.826668352,4.11146003,4.878621526,5.946464208,6.968562223,7.953319264,9,11.21963273,17.9656093,21.69782607,24.30584469,31.73565942,33.74146283,34.88443592,39.45000663,40.09225732,40.96687017,0.785892554
66,97.80539446,104.7393407,110.1776012,115.3170252,118.9185114,126.1051936,128.2697159,127.9170436,130.5406249,130.8860697,0,0.856869193,1.837489108,2.958964271,3.77446113,4.91105007,6.109482713,7.079450855,7.964177773,9,6.481861262,8.112770086,14.23865831,18.00689855,19.54275795,21.9048253,27.03021989,27.86072119,26.80691134,28.79080761,-0.043558413
67,90.36531267,94.11470042,100.9375915,103.5911198,105.3392445,105.8933726,106.4307142,105.237254,104.2535459,102.6806801,0,0.766345797,2.115920276,3.218401375,4.180936522,5.206174801,5.787756695,6.78491867,8.228007586,9,-2.264085991,1.732542632,7.991706908,11.21580147,13.38142497,15.7049868,17.89358742,17.27422163,21.62190872,20.13582962,-2.168738995
68,107.4403251,116.6560994,121.8993665,125.3185633,133.2803668,139.0359647,141.2663619,143.0948774,146.4632686,150.7595408,0,0.989050863,1.922180392,2.775293015,4.169338725,5.02500332,6.128767298,6.756761341,7.960401099,9,13.23227223,20.12164897,24.03672653,27.64508145,32.95903245,36.28771624,38.02343993,39.14994787,42.46268503,43.96811696,2.155444519
69,103.807438,111.5704153,120.3016867,124.6474151,133.1854731,135.5966322,135.1108839,137.2919284,139.6561217,141.9790971,0,0.754290317,2.169252182,2.816956222,4.199864407,5.248750546,5.833438073,7.210404956,7.880924494,9,11.91212829,19.00450277,23.60953091,25.85346964,32.14269598,35.95865487,37.22393488,40.31755743,41.61723023,41.48610577,-0.214258526
70,90.756933,97.86599899,100.6848962,108.0712517,110.0865555,113.7047462,112.1289161,114.640987,114.950492,116.7884722,0,0.949752178,1.82462589,3.146866323,3.923320162,5.113483867,6.003087802,6.983849777,8.10328692,9,6.17228632,11.91294421,15.35816122,20.5128841,23.9721017,27.40729923,29.74429271,31.88970322,33.88993919,33.22558703,-0.248355234
71,105.5876703,114.3002593,115.2648762,120.3904444,126.9555839,126.3240708,131.114389,134.1248027,138.699576,138.8677939,0,1.146356932,1.925687042,2.756344834,4.224342532,4.972061933,5.904260813,7.110188464,8.195224965,9,20.85819507,29.74751848,31.07828341,36.14164649,43.96960098,47.47191264,49.46083397,53.7414245,55.74547151,55.69938436,-0.756297149
72,101.2628181,107.9388861,118.661704,124.3944156,126.9541197,129.8089732,133.6246863,135.8543373,135.4600632,135.1614181,0,0.894180412,2.248754428,3.20451382,4.058550621,4.942696015,6.077250659,7.063266229,8.182556531,9,19.83215499,23.48887138,33.09291667,42.16771897,42.19521746,48.07852096,49.76159303,53.46552366,54.66215439,54.72160588,0.254211982
73,104.2474292,114.6081525,116.9058818,123.5851482,123.8145683,130.2135277,132.0958173,131.3153723,133.7407793,136.7658524,0,0.994607224,1.815483071,3.224923509,3.886988661,5.226084076,6.246299902,6.80831565,8.063992168,9,9.331454629,15.39902758,18.53535641,26.72130702,28.53689976,31.87728171,35.91227402,35.50555456,39.16532733,39.04484239,0.802587745
74,109.1409511,116.7947788,124.1349209,131.947631,134.3727087,140.2937707,142.2794141,147.1468168,150.5674622,152.4992921,0,1.027437568,1.945581329,3.101515252,3.960979796,4.898372286,5.812139878,7.145019487,8.204296066,9,15.11091887,18.8390441,24.18532128,27.98627099,31.47406703,32.86438591,33.37840897,35.31564871,37.98598998,41.61836047,1.13034643
75,99.35895081,106.2884502,112.2421611,113.4004757,118.4144712,122.6261615,124.852354,126.4141159,128.6390904,130.8495355,0,1.192744146,2.012182259,2.873329562,4.022778409,5.207217853,5.918406341,7.165892996,8.170833403,9,9.496192243,16.37180959,20.47227503,23.42190028,26.68094957,32.50864832,33.1226247,34.50770057,36.19427616,39.17799131,0.276122175
76,97.56099707,106.7784772,107.1339005,112.5527539,118.4625661,122.0458371,121.5651592,122.9403762,121.7711941,122.8672028,0,1.020573755,1.849072607,2.788875845,3.790288175,5.10783494,6.152786193,7.105152597,8.040691575,9,9.813086388,16.11757493,23.23718132,27.00603116,32.57546209,36.34459497,41.32035381,42.88093703,44.67405495,48.59314107,0.688590897
77,97.76357758,106.390475,115.8064883,123.0445699,125.298417,130.4191778,132.0678089,132.3893139,130.3318375,132.7753038,0,0.83286622,2.047420733,3.212743143,3.925126909,4.821316033,5.891239401,6.95754984,8.059450004,9,10.71970052,15.03818148,23.27239618,29.02481211,32.17173109,35.44118503,38.19150657,41.17380094,42.10972505,46.24665581,-0.055094654
78,108.3098234,116.6292697,120.5202441,127.8255246,134.6417159,133.3621899,135.920511,136.1288535,135.7265213,136.1999791,0,0.906680547,1.869616191,3.080604334,4.186154564,5.199559469,5.85876643,7.022658388,8.057034598,9,10.90555748,17.59399126,21.49216485,27.09438533,32.83790706,35.823839,38.85159532,40.95735931,41.24408861,43.22142793,-0.12270373
79,102.207179,112.296693,119.5934955,126.2328804,131.3051306,135.7954318,137.5324543,139.9826078,140.8568525,141.6387014,0,1.023061026,2.082105299,3.207520083,4.122260517,4.985457048,5.931089867,7.217263037,8.109489682,9,12.0431743,19.13173252,24.88405565,28.21455362,33.72109258,35.25279169,38.5149773,42.15854001,42.110322,43.62881035,0.844997624
80,97.35758818,105.7525726,110.7342575,118.7271993,123.0707451,126.7846282,130.482824,132.2254163,135.6391626,137.0684109,0,1.149195241,1.933857143,3.222616401,4.159958431,4.936916155,6.141499478,7.141609251,8.208370897,9,9.668184817,14.35993493,15.68116052,21.39776121,22.82317921,24.87285287,27.49628214,28.83945225,30.72746716,31.40539908,0.551740372
81,98.44426736,107.5090168,116.5476841,118.6900568,127.6258111,125.6914551,130.1529895,129.1576441,131.6962273,131.8857226,0,0.823138636,2.215747958,2.936346242,4.202412362,5.149142048,6.129750971,6.850453909,8.005088036,9,12.88111826,14.0317,21.10317419,22.07784008,26.80504415,28.85996131,29.46985386,32.81738608,32.7248642,36.18886045,0.482024054
82,100.2028912,107.1072912,109.3492892,113.7712148,115.7571536,119.156187,121.302846,124.7720187,123.5080815,128.4099186,0,1.01443045,2.025661694,3.215917732,4.070898636,5.168220888,6.110678972,6.897536159,7.975178231,9,7.95527927,13.77422566,16.94969914,24.13261049,28.78824137,31.53194026,36.58758683,36.0638378,38.15692768,39.01962824,1.275003261
83,100.7192987,110.594381,115.5711018,118.9293672,121.6734731,126.2488784,125.8957553,127.3248744,127.6087132,128.6138499,0,1.153388139,2.163605194,3.023647901,3.804549886,5.238233065,5.81479951,7.150752251,8.149986509,9,10.540883,15.63791679,20.86834959,26.06113638,25.69171127,33.14158388,32.77539083,36.67155437,37.7516726,38.57705546,1.090142245
84,103.2079998,107.6820553,114.8888206,114.5051654,121.4948243,123.3632813,126.4051802,129.8036657,132.3303388,134.769714,0,0.79367522,2.1739104,2.760502682,3.911140699,5.105483696,5.862253313,6.98940416,8.224252764,9,15.41996721,18.60697645,26.84678203,30.44355861,32.64493515,36.79867193,40.82389346,40.56560836,43.1956648,44.76733132,-0.460097597
85,100.4848761,105.9995522,111.5100495,112.4460604,113.7279902,117.0498364,116.6732283,120.1441407,119.128153,119.0797326,0,0.820045177,2.220435538,2.888936222,3.95875546,5.205932387,5.910035181,7.081145782,8.134240584,9,7.054414644,11.28129952,16.24027613,17.29762914,20.11745835,25.96277246,27.74950616,29.70675324,31.67332671,33.44063779,-1.075054751
86,96.65611514,100.7635009,107.76216,107.1990104,111.4071392,115.068274,116.3110131,119.4945966,121.8585867,124.6626036,0,0.813015454,2.247636054,2.80822836,4.110182216,4.768583354,5.85254597,7.247640574,8.197601102,9,6.427225133,13.19926618,17.23417432,19.24964973,24.61329486,26.82978419,28.72299943,30.77268862,32.49221791,31.99300982,-0.666021376
87,98.12935068,103.1773887,109.523305,113.8548682,116.1505824,119.5267586,121.4277571,121.4676014,122.4584115,125.3023301,0,0.949334068,1.947694419,3.234288396,4.132202255,4.95641232,5.895697001,7.02939807,7.862088756,9,12.04385008,15.39441797,19.00859003,25.71271943,29.47132276,30.93384866,32.60572129,34.3866779,37.05644333,40.04079256,0.490212541
88,94.94849668,102.2331819,109.7993167,109.5851411,116.7477816,118.9946989,119.6404496,121.5372111,122.0033936,123.1561662,0,1.181448387,2.14310936,2.831728454,4.204338698,4.809546824,6.11893584,7.04163628,8.15998424,9,10.09841285,15.72947627,23.07217191,23.90189022,29.84337094,31.87639577,35.14614908,37.86680596,39.20260038,41.30394776,-1.521044741
89,100.0155651,112.4986955,115.6114287,121.1433608,126.1312374,129.0698273,132.2221682,132.8271584,134.9005144,135.4370845,0,1.207032342,2.160296596,3.193670726,3.920531293,4.93654704,6.153177665,6.918428841,7.804881159,9,8.716789108,17.15227962,20.62728349,24.378451,29.29056875,30.55489004,33.3631841,36.89878776,38.4740439,38.42041999,1.426063789
90,99.85938269,112.7789319,115.9151199,122.0704736,125.1106995,131.7367628,130.5614728,133.8399548,133.0039139,135.1001219,0,1.223083275,1.842905306,2.901478875,3.77654783,5.151974184,5.867570775,7.04623387,7.930105858,9,20.07357077,28.2910236,33.67333153,37.93650942,41.52197885,49.37433073,49.87016613,53.92529552,54.43687899,58.05237383,-0.892422955
91,97.38270022,104.4938955,109.3890729,111.8075296,115.6643162,120.2478875,122.7619476,122.4691841,125.0843644,124.2772016,0,0.861488925,1.80072674,2.876946518,3.866492585,5.020969091,5.839117373,6.956295522,8.118437024,9,7.547103205,10.77928567,15.02618433,18.82307,21.17205653,25.59975213,28.26972107,29.54287519,31.88633015,30.41136571,-0.151151244
92,100.8269476,110.1489453,113.7102727,120.2777678,122.7033468,126.9657212,128.0848242,128.8816343,128.1910661,129.910264,0,1.045949987,2.004439924,2.872301282,3.867449259,5.054111501,6.249475582,7.023167708,8.222005635,9,8.688183246,13.63109205,18.07236216,21.55146118,23.62271596,28.14391404,30.08345377,31.9577231,33.57245447,32.44279118,1.0225247
93,99.43022952,105.6648016,109.0743038,115.7541903,120.995722,124.7790041,122.7754173,125.2790128,126.3053147,126.8658531,0,1.187172786,2.134574788,3.04622198,4.133565969,5.182457429,5.912984639,7.050719442,8.065694736,9,9.094978224,13.73023461,13.2631674,18.0109903,20.47367965,23.71101877,24.46351617,25.68013809,26.69089169,28.80643034,0.853609354
94,95.90220221,102.4686511,104.1471054,112.7671392,117.7125728,119.4196121,121.4237151,121.1998548,122.7722231,124.2462878,0,1.114122143,1.770892587,3.166293933,4.217779325,5.151260049,5.9131469,7.143365225,8.151076209,9,8.80582246,10.66946708,16.06454977,21.06417505,23.72776105,26.63086582,29.11687044,30.99331304,32.15614781,33.80251251,-0.793520978
95,97.93955872,103.5573926,111.8135426,113.1688895,117.0702751,121.3468275,122.1711958,122.8918292,124.1408724,126.3258766,0,0.859685923,2.248937621,2.988716868,3.837578588,5.008724675,5.763958926,6.783607712,8.229496986,9,8.20021009,10.64236362,17.3753102,20.28375094,23.64805093,28.10065664,29.0287268,30.57450381,33.21684117,34.48122122,0.291130552
96,103.9668882,111.5050821,118.8790127,123.4988597,130.135329,135.7275376,136.1573199,139.1862664,141.3645126,143.9816059,0,0.915693385,2.049911343,2.84129085,3.850856379,5.159645871,6.128137646,6.811391334,8.012167279,9,9.214046433,13.29643658,18.81256469,22.27788021,23.71965217,25.64839593,28.80042233,31.54063164,29.95873986,31.67578604,1.635775412
97,95.36481431,105.5079897,111.8995584,117.8277855,123.4451674,123.1957301,128.458385,129.309285,133.3864144,134.5293179,0,0.887623463,1.896622311,3.119775255,4.158921234,4.800058624,5.882656495,6.828030519,7.794361213,9,12.89982441,18.2159673,21.5027185,25.3561627,29.70811085,30.54834888,33.28969458,36.32536477,36.75555097,37.63725346,-0.169356999
98,102.7123798,111.8968193,116.8099419,123.2847089,129.1315086,131.7500364,136.8383596,138.9683398,141.2330415,144.2818886,0,1.11834465,2.179738454,3.1715766,4.027373377,4.954800995,5.931374587,7.094031488,7.930717774,9,14.23803339,20.27875423,26.46231728,30.71775777,33.07212329,34.25873252,38.96313771,41.18893788,41.04566229,41.71250131,-0.644478177
99,98.59347539,103.610908,111.0271321,114.4530107,121.2923544,122.5531862,122.9071369,123.3504464,121.2501536,122.859556,0,0.767623196,2.192948311,3.075079849,4.161357905,5.045196682,6.128538142,6.794039047,8.045866792,9,15.93256901,19.75845686,25.79137888,30.00172856,32.00291434,34.98022314,39.20220165,40.63669635,41.53416099,42.94359578,-2.317759641
100,108.6961321,115.8263251,124.5681001,127.1709963,140.0774862,137.9354359,145.996983,147.217351,148.6457646,151.9611138,0,0.795189043,2.051612749,2.774690563,4.15428474,4.974400068,5.941031681,7.183310471,7.856154099,9,15.96547315,20.21362623,24.68757115,31.12614292,33.84831349,35.19113867,40.86360544,41.5587006,43.13537455,44.06542511,2.332726543
101,97.54677141,107.6235188,108.6288607,114.5047298,121.3811372,120.8944691,127.1737662,124.8578903,126.7786842,129.2202065,0,1.249226952,2.201972789,2.953778267,4.183552859,5.01456302,6.085532436,6.894822322,8.086922349,9,4.985610963,13.76505855,13.75537618,19.12790727,23.8705505,24.3565371,30.0384389,29.40354961,30.60360254,31.4277392,-1.188439518
102,99.07949769,109.8887105,114.8526791,119.5076372,121.9240443,127.8753991,132.0521962,134.5183139,137.1654025,142.816623,0,1.015243965,2.246131343,3.224656965,3.851335219,4.938764508,6.196830821,7.212365967,7.754884024,9,16.69377333,23.15386191,27.20262047,31.3595447,35.30951077,39.07091923,42.44832385,43.41189633,46.36427158,44.73550406,-0.172728597
103,104.8222699,114.0173467,118.0406385,121.7910998,128.0866881,127.731892,132.498387,133.0579426,137.1121682,139.3398492,0,1.069851809,2.091416081,3.002415164,4.190888364,4.790794267,6.126645096,7.030718939,8.189297935,9,12.74412551,20.03890032,26.23785964,30.42382402,32.71903835,37.52962582,40.86740273,43.18029429,44.77878885,46.24407515,0.41327284
104,103.0310943,106.6502024,113.9332367,113.5524192,122.3296205,124.2677347,122.3099955,124.7196935,126.5822529,129.0987487,0,0.910963951,2.018573708,2.789824934,4.16879923,5.150111812,5.904847376,6.84124227,8.021590362,9,13.88456616,19.47056584,24.21212402,27.29056876,34.19144974,38.32855028,39.90033546,42.22186526,43.33575721,44.72285771,0.956587415
105,101.2140511,106.6412601,115.8727996,117.3926115,121.2132901,122.5840442,123.2695069,124.6304813,125.0171701,125.4011965,0,0.813536103,2.211882921,3.127376032,4.144428854,4.934047686,5.750584043,7.116974063,7.904614411,9,7.09278753,11.89807944,19.22828007,23.2827179,27.11640005,29.53781515,32.55790625,35.04689194,35.55343283,36.86057456,0.161522244
106,98.76696855,105.4326221,110.1672065,115.1735826,118.7273914,126.07338,128.504154,129.8170064,134.9980944,138.1441717,0,0.866327012,1.870171565,2.82043018,3.803769201,5.027981689,6.117785497,6.817254493,8.110381764,9,13.94583822,18.63848411,24.95197911,28.36437219,32.44025694,36.8655083,39.9674596,41.60233325,43.78211374,44.8568884,0.767855281
107,98.91985118,105.636817,112.7277017,116.7265025,122.8067112,126.5751539,129.6390788,130.8583748,133.7127214,137.0938989,0,1.004034187,2.212285724,3.162053248,4.050691338,5.150641072,5.975690099,6.886693969,7.83343534,9,5.526129453,9.361081056,12.92132214,15.71147456,16.01783161,19.94277741,20.83703493,24.39812441,23.18997547,23.39515789,0.540203269
108,94.3883501,100.5681121,104.0061917,110.984012,116.6739506,118.9217376,119.7563355,122.2318369,125.2101223,126.3761877,0,0.963803726,1.926301398,3.178985099,4.142375047,5.162749586,5.88222656,6.93250855,8.190086614,9,5.725630265,11.78703623,14.64082731,17.8633459,21.72421669,23.39850012,25.57247158,27.84305157,29.12081757,30.10090466,-1.682499216
109,100.5270053,108.0622626,112.1628843,119.3542113,123.4402955,128.2358787,131.4070053,133.4905178,139.27313,140.0016643,0,1.007852774,1.774083641,2.994620485,3.848767209,4.933975464,6.046361619,6.917369182,8.129546559,9,10.07553499,14.88354596,19.64733805,20.32040549,24.28005155,27.45391903,28.62447255,30.7310151,33.44688427,32.28402373,1.422180715
110,107.3318676,113.0227564,119.8091566,126.3161392,132.9923845,134.0617395,139.234327,138.1298184,141.5009622,145.1328961,0,0.753525129,1.850928073,3.017874083,3.881551649,4.886238723,6.243046946,7.029430857,8.225383543,9,14.19752945,18.57983791,23.10952112,28.37788861,31.26699184,34.99237775,38.84028042,38.93128583,41.49373932,42.62720795,1.325901911
111,102.5734753,107.1277201,113.0915813,116.5286174,122.3646618,123.8886222,127.2337183,127.7705171,131.1158015,132.2596386,0,0.819351349,1.964034928,3.041571321,4.192073957,5.031565455,6.228786102,6.798988158,7.826729745,9,13.69187342,16.20559206,20.49163975,24.94882995,26.72679522,28.4076776,33.74519782,33.78701655,32.96379735,36.13653299,-1.242787901
112,96.91140529,104.5246134,109.4454713,114.450894,118.505063,124.0318408,127.2977761,129.5889039,133.8609271,135.1898784,0,0.75485971,1.994876689,2.974531014,4.033905095,5.217515651,6.014621079,7.104296713,8.152655096,9,9.832381336,15.78439986,21.01831464,27.42656546,31.67120456,33.72055719,39.00094996,40.56858899,43.3215988,44.05043494,0.413616086
113,100.037884,105.133863,114.6577578,116.7147117,123.6725498,124.7270115,127.7527937,130.2558302,132.925844,133.7937245,0,0.802541153,2.020557207,3.164091456,4.111003572,4.806294267,5.814199661,7.117414032,8.185218823,9,7.213241556,11.83608259,17.93764977,24.26807363,29.9412271,31.26746163,32.76409439,36.28434919,40.34287343,40.01770174,0.202426963
114,103.3582273,109.3615339,115.0048327,117.9810063,123.948814,126.4134977,129.6181485,130.0559151,132.2627281,133.3729718,0,0.85217523,1.918093863,2.792094509,4.128180766,4.795208057,6.232354809,6.901525179,8.131864108,9,9.656021843,12.93422407,19.2468148,20.90673607,27.31390249,30.0701872,34.05436391,36.141112,36.90438614,38.28957848,1.341294115
115,101.3627361,107.6333057,109.3360235,113.3306131,115.2566339,118.1298703,117.1984489,119.5771085,117.2904561,114.5156104,0,1.040520307,2.212601651,3.217941672,4.032267038,4.925917059,5.899264782,6.986753151,8.21153076,9,4.774558434,11.78985062,13.91169866,16.13789744,21.29841812,21.26968787,24.54560403,26.80708868,27.29453081,27.71302794,-0.859682307
116,94.15009685,103.9503125,110.3131885,115.6461908,118.7245286,121.1784982,124.6011591,126.704774,129.9898281,132.6622197,0,0.941629303,2.213924855,3.1240997,4.213738667,4.914218056,6.009615258,7.227946874,7.854819719,9,12.99504769,19.20907601,26.03165051,32.00162289,37.49463168,38.25671661,42.24134383,43.94167909,48.28665336,48.13637933,1.77732893
117,97.10764695,105.1919736,113.5683648,117.0593419,121.6055347,125.9094781,127.6751454,129.3998683,132.8808943,134.1174593,0,0.883929003,2.093507487,3.066173108,3.754972748,4.885092137,5.88667374,6.836117373,8.125162041,9,12.69860854,17.92553606,21.96706467,26.59632868,29.07125681,32.24992579,34.74886832,37.43017998,38.8440819,39.21841579,0.175386976
118,93.28171294,102.775031,105.5873137,107.1123605,114.2636369,116.3249146,120.2536421,118.1260453,120.5214746,119.3932786,0,1.05464941,2.183680544,2.795539761,4.190163824,4.763193866,5.86698222,6.841295711,8.138502904,9,10.87682125,16.16183205,19.50288555,20.44535834,27.8393183,27.89748023,32.08397424,30.11891525,33.58018831,34.53234016,-1.262467194
119,102.7089368,110.7960724,113.0729163,118.6413574,126.3732654,127.8733918,130.3145041,130.1255633,132.0776014,133.8638357,0,0.935406414,1.908548475,3.011702144,4.155574738,5.133933158,6.139269013,7.238102734,7.90701411,9,12.14854166,15.33576727,18.51704974,22.69180514,27.40087704,31.49050973,33.6523022,35.86069165,35.17660729,37.46648421,-0.214371226
120,101.8846695,109.292031,117.2005423,124.9449458,129.4417322,130.1657501,132.1569873,130.85184,132.8518798,132.9707779,0,0.836096072,2.06827293,3.195340088,4.109137504,4.947029803,6.079478756,7.235660954,7.955941852,9,3.804931595,9.035931599,12.13110597,18.16541637,19.87315243,23.40101712,25.19284676,27.31388563,29.18305054,29.1817087,-1.71340979
121,95.62441124,104.799118,108.6450088,114.4103241,119.1758101,121.9505176,124.2794616,125.5201497,127.7272744,125.4757512,0,1.205383315,2.144840832,3.059948789,4.119559355,4.923497026,5.798539029,6.840093234,8.196402196,9,4.15344622,10.60026922,14.6562929,17.17975943,21.87783721,22.82218171,24.89489337,27.30431567,30.0587546,29.30789713,0.957336868
122,92.56179301,98.53080256,108.809887,109.4087608,118.6688642,121.6324891,122.9365592,122.231499,124.5626503,125.3246716,0,0.842652141,2.226643622,2.803754967,4.137555862,5.171090478,6.239323344,6.964812224,8.190431412,9,9.440236475,13.21763062,19.22406549,22.06737124,27.21527421,28.73944091,32.53578615,32.0065761,34.5193807,36.18939402,0.449207484
123,107.2797693,111.2003753,116.2883168,118.54069,120.8869441,126.7035143,125.3846368,129.6831708,132.6117377,134.8966701,0,0.940594118,2.237251932,3.229873589,3.847233886,5.198299594,6.018093128,7.119780016,8.105379747,9,9.307582012,12.80035897,15.43135021,18.63218755,21.56616679,22.99194026,23.51671828,27.16813586,29.66566165,30.06935183,-0.417716492
124,95.70359354,104.4875929,111.7897587,119.058401,126.4837036,130.4094466,132.4142807,131.5435127,132.5148098,133.4762986,0,0.894244958,1.930490304,2.985073608,3.852310714,5.220152622,5.960100393,6.949538807,7.91017411,9,11.80548702,14.43031806,21.26776036,25.71445075,31.31716234,32.83368047,38.10535828,38.26076949,40.43586935,43.01318916,-0.584281126
125,103.5568324,110.9617921,111.1739479,116.6901359,120.7970015,121.0910007,125.6886666,126.5157332,130.7241616,129.9198487,0,1.235206725,1.831259733,3.077872554,4.012526332,4.866353797,6.145862152,6.836844938,8.001063116,9,9.638492969,14.79284959,16.38288269,21.84880636,23.83992588,25.22798269,30.15489226,31.47435524,33.28605914,32.38792757,1.06833471
126,101.6836963,108.5696151,110.0047815,114.5443057,116.5714148,122.431825,121.6701463,124.0546741,127.0800454,129.9186081,0,1.081372414,1.9719917,2.774973549,3.803867549,5.048447395,5.94578168,7.164548095,7.964846851,9,7.822908727,15.01461449,18.19380382,22.20034527,25.33015931,30.25902877,31.10732675,33.07216945,35.06332004,38.83872699,0.283185664
127,100.1443993,105.9270574,111.066442,115.5044695,117.0266829,119.3690514,117.9627232,117.4257477,118.6163566,117.279691,0,1.183421127,2.121811078,3.128747647,3.999204107,5.066632915,5.901200963,6.851420192,8.10229247,9,7.969741826,12.34860393,16.50577186,21.82482795,23.38457434,24.61259597,26.29447474,26.32414068,29.34157296,31.63085924,1.486699719
128,97.45886848,108.0426559,111.4318911,118.8897337,121.6450046,124.2909085,124.1757898,129.9418193,128.9209394,133.3675802,0,1.153523502,1.990624585,3.227965064,4.14637815,4.839417986,5.892215134,7.094878682,7.777462469,9,8.282216211,16.5272764,22.90441967,29.04756554,31.77240248,36.11387691,39.24897357,42.28664197,42.48188002,43.57174843,-0.121430031
129,104.1257446,109.344314,113.2423031,118.0145387,120.0400222,122.3935887,123.6041326,126.6241843,126.6275551,126.8819763,0,0.9106866,1.941083951,2.94009644,3.956748171,4.86592437,6.123430449,6.973452857,7.989803292,9,9.394752043,15.30215742,20.22651876,24.40883348,28.65762709,32.56125578,35.93283396,37.46572879,40.47974594,41.46341328,0.318141614
130,89.9195528,102.0661053,103.2552283,107.1385687,113.8264678,117.9377372,119.7306576,120.6766013,123.7654178,128.1728037,0,1.232150746,2.030780381,2.764202834,4.172580295,5.174285186,6.044928854,6.762208007,8.083820579,9,9.777763456,18.50362547,24.64078069,26.88794301,34.19247717,40.8680454,43.28500544,44.83233542,45.77222598,50.58939535,-0.634734565
131,106.8037864,117.6090204,122.1022529,126.5708754,135.0563934,136.9420962,136.6656791,140.488107,141.5693273,142.8600681,0,1.085649693,2.060860025,3.000111829,4.211164062,5.086884685,5.757568135,7.044566771,8.029457369,9,8.836727291,15.74468551,20.68255304,23.44291132,27.77755146,30.04821352,32.65563072,34.81613861,37.28689691,36.06935537,1.493846627
132,108.0522366,113.0228081,119.1156834,123.3039108,126.0840904,132.1846508,132.1319221,137.5484038,138.8763332,138.1001186,0,0.835383831,1.991965797,3.045459292,3.926886516,4.970511229,5.75461189,7.063816331,8.040437777,9,14.68288097,17.07081765,22.90921372,28.18425602,30.35925509,34.02886528,34.35805999,39.32789198,39.6887803,39.57400521,0.700741062
133,97.56769674,106.5572592,113.2576091,116.6465867,121.1841589,125.4519774,126.6569249,127.2099555,128.3683674,129.0223237,0,0.926786881,2.081690466,3.186021099,3.776512065,5.199501385,5.878716104,6.778611596,8.242583134,9,11.80914812,15.0344729,17.37040246,20.80042222,25.95151597,25.06118081,28.80840985,28.47145042,32.10202666,30.3174285,-0.406318908
134,91.12491916,97.11820142,106.1668778,109.0983261,117.5118354,119.7320762,121.0584932,122.9980305,123.7924139,126.2387905,0,0.936420944,2.130862917,2.885272016,4.21662722,5.225575123,6.040573818,7.046887908,7.840150314,9,11.4043314,14.41608287,22.28280255,26.36579894,32.25226786,33.7075873,35.35919179,37.6967696,38.70974314,40.26668966,0.515613213
135,100.403113,107.2270195,113.8072171,120.5014531,127.2965005,127.5098541,130.235072,129.0166974,128.7092153,129.8366164,0,0.901752823,2.002428578,3.075173227,3.989697786,5.171514537,5.89602523,6.763032781,8.002007273,9,14.4258682,16.72953593,20.6945109,25.25496348,26.50910954,29.13669651,31.99968854,33.17996122,33.26638663,34.58162744,0.546687716
136,98.58924093,107.749157,110.2186422,118.3351817,125.2781863,124.2909757,129.2939962,130.1782851,130.4177538,132.6651617,0,1.174701793,1.909097461,3.01334775,4.199993245,4.76067649,6.225076221,6.795864361,7.810529119,9,8.115923089,15.40607509,21.10950393,21.3096085,27.90160752,27.73217007,32.97081898,35.46933288,35.48220845,36.72704501,-0.615059001
137,96.08624955,104.5568546,107.4028407,109.5582138,111.3834159,114.7813643,115.3097148,118.2929334,120.2332396,123.2692002,0,1.083424882,2.069726983,3.083972607,3.899360109,4.899133763,5.873123984,7.204370202,7.872200841,9,9.026055085,16.99240424,25.22792429,28.76551048,32.14860611,37.47221939,40.15802733,43.33215068,46.01136086,47.59774154,0.227317228
138,98.54837455,108.6534576,113.7969857,114.9027976,123.7905198,125.6797584,126.9443488,131.4974981,133.6923766,136.3413716,0,1.165641375,2.130388196,2.798977336,3.81187173,4.91965263,5.929678561,7.056733593,7.928283152,9,8.228383228,14.39286722,17.85001637,20.80448497,24.32668241,26.37650184,27.55520648,30.79658879,33.28329337,32.13094038,1.059253732
139,103.690699,110.7837167,116.9012252,122.6397822,129.8096614,130.5391512,133.6091292,138.0810791,138.7904069,141.4276956,0,0.956486789,1.913984482,2.898986323,4.071613212,5.000252938,5.976532997,7.06515573,7.963983862,9,10.99263652,13.99000104,17.93938596,22.73983317,26.94275957,28.19942445,30.16812285,33.70331705,32.34494219,33.925672,2.02917783
140,91.72879671,96.6895269,104.6571453,107.7322605,113.2551837,114.3287605,110.7983222,112.2389188,109.603882,107.4618585,0,0.769031782,2.010211997,2.82873877,3.96333592,5.132529509,5.883109713,7.219210391,8.221513945,9,9.094932865,13.68604819,20.24047345,26.68539192,34.73496811,39.17669258,39.54290402,46.77666518,47.29393613,47.68395584,-1.207002837
141,105.5777858,112.5085659,115.9174155,118.2873581,122.5982761,125.36588,127.2726377,127.3972945,128.0192893,128.2512112,0,0.830619899,2.014539465,2.799892017,4.066068949,5.03113117,6.100961922,6.88867877,8.143484771,9,7.097575051,12.60157214,18.39894017,21.22732638,22.46330166,26.1654098,28.55964327,29.45158607,29.44645629,29.83115671,-0.438244478
142,90.87486629,98.55465568,103.9256796,106.4809998,110.9566504,115.676487,115.8591737,119.8461789,122.8968241,124.9051497,0,1.027198902,2.207788029,2.94300811,3.879828398,5.136891808,5.831146869,6.822633173,8.099676692,9,10.58504254,14.69733017,20.64612318,24.05215958,24.95366176,31.02265479,30.7109046,34.37194708,37.61063935,37.24786307,-0.492950938
143,105.9398002,111.6761158,119.3595194,121.9026276,126.8568856,131.8396119,134.084519,133.8769481,137.743894,138.0236051,0,1.022814373,2.165898385,2.848079288,3.934506282,4.865861331,5.994296438,6.844756374,8.078230288,9,17.6438868,22.3397276,30.30853435,33.11566919,35.6339224,39.76934233,41.69707956,41.26918009,45.99985836,46.46744146,0.318588123
144,92.767266,100.8356198,103.9854463,110.3054139,112.5732057,116.2263291,116.6344292,116.9869556,117.9103907,115.851876,0,1.165594909,1.970988301,3.216445322,3.904237601,5.236859272,5.881628811,7.228872177,8.198281713,9,9.808634415,13.82005748,17.50084696,20.51500757,26.15905403,29.79430827,32.41521323,33.52768983,37.02039045,36.52121081,0.957534664
145,96.84793228,101.1323685,111.003815,113.5133599,116.8256002,121.5875018,122.3444808,120.8724294,121.9212582,123.7142286,0,0.810181875,2.231851103,2.984607466,3.856823137,4.850291927,5.929021917,6.842806859,7.791486802,9,8.594534273,11.3989658,18.24778498,21.87702221,23.97028276,24.75666785,27.76970681,29.35404235,29.21064722,31.85575081,-0.740498041
146,98.93489816,106.6338415,112.6656841,113.4464676,120.0088986,125.1433106,125.9124616,127.2696505,132.4091484,134.5162359,0,1.027186815,2.01876344,2.998828424,3.787789129,4.77126279,5.972038447,6.789713713,8.067200245,9,13.61445039,19.499062,21.28438529,24.45002301,27.20711176,32.19762612,33.13819632,33.13193342,36.99258466,38.68358148,-0.41825827
147,101.2750381,108.2681217,114.7586631,116.5398961,121.5954972,126.5599315,127.9653319,130.5224859,132.8184438,139.3590686,0,0.875744086,2.0108734,2.757613528,3.820798355,5.04068636,6.230368677,6.793834445,7.915681912,9,12.07447595,14.7172492,17.27688999,23.18531914,24.66801921,29.32853415,31.71158164,31.88454474,32.80656164,32.69123536,-0.090215004
148,98.87931809,106.0715275,110.2371946,114.2639258,123.4991647,124.626166,123.4248066,124.4510011,126.5223927,128.1401595,0,0.807386793,1.891729027,2.842919331,4.249913266,4.878980478,5.951586943,6.783149827,7.786148132,9,13.54525502,17.76051124,22.56016286,25.43666036,30.10238464,30.98707597,33.38680143,36.11680873,36.38058684,38.63257344,-0.755721107
149,100.8177748,108.1896511,113.1529763,113.4349645,121.7793344,120.9190209,122.4936533,125.35044,125.7514743,128.7211629,0,0.893773675,2.11613457,2.799718541,4.176216812,4.946938604,6.018945802,6.959788969,8.055708286,9,3.761493664,9.792505435,15.98716737,19.85730798,24.97793248,26.77941702,30.18949609,31.45662748,35.33303194,35.60181642,-0.62943976
150,96.97248665,106.0393678,110.2852739,115.2214366,118.5760557,122.4776962,121.0111898,124.6964793,124.256428,125.9216191,0,1.115785778,1.767975765,3.207636481,4.076735877,5.140722997,5.76366284,7.028777594,8.125510938,9,14.89776877,22.08150486,26.15050785,31.37020494,37.21835444,40.51899863,42.12146162,47.19965489,46.88600551,48.70218825,-1.509779413
151,96.80351951,102.6759127,109.0388069,112.3836853,115.9308319,120.8669098,123.0460948,122.8648621,123.9940289,123.4046122,0,0.838839701,1.927996105,2.8799596,3.793403847,5.044545274,5.965490073,6.936870887,8.142424415,9,5.278947504,9.796725016,14.71684915,15.79978329,19.62836027,24.35169717,25.90766754,27.45061496,28.7196737,30.33528972,-0.171607519
152,105.4588156,112.342597,115.4148792,120.0152274,124.72535,130.3037518,128.1996622,128.4450317,130.4387829,128.432878,0,1.074865039,1.928266704,2.990885472,3.876324866,4.931830568,5.779108391,6.932523609,7.870748084,9,10.77551989,17.17458069,22.86622873,27.13564336,30.80206894,33.46830897,36.89570216,40.12410824,41.37980744,42.81239015,1.004203148
153,105.9039543,109.3622934,116.1588624,125.4549487,129.4240926,128.7841695,130.0977373,129.2133266,133.5547101,133.9814033,0,0.815395378,1.960590146,3.213252499,4.197321421,4.882571977,6.114875189,6.911672557,7.756225592,9,10.27917532,13.75799952,18.5122593,22.11427296,27.07266896,28.03290048,30.38575289,32.87018944,35.19368722,34.98446743,-0.942181898
154,100.9105331,110.1377796,116.3788934,121.2306008,131.44492,134.460064,137.1953138,136.60063,139.8792601,139.5064787,0,0.966132312,2.106224672,2.991443,4.222703791,5.023124845,6.040512746,6.761968766,8.102335091,9,18.40578106,22.49156596,27.53991552,27.9029982,30.57868399,35.06638996,37.28526363,39.55215173,40.839622,39.68781608,0.913836398
155,105.0777927,112.8619178,118.2007676,121.2009146,125.8342313,126.0148792,127.6657105,130.6998325,130.1201926,131.4752415,0,0.971291875,2.136620578,2.990563364,4.146325926,5.094567835,6.152882577,6.850690462,7.902607052,9,16.41162827,21.14949053,25.2378811,28.86912816,31.65941124,34.0961839,36.61882823,38.87229021,39.46165787,42.24349762,-0.266237212
156,108.9771881,114.6508398,117.0770798,122.3487562,127.5603697,129.9571326,131.9634947,135.0892465,137.0590036,137.7068437,0,1.135216644,2.012793221,3.173423482,3.939716297,4.793806823,5.912897652,7.057951592,7.959632024,9,7.882360525,10.38456088,14.416445,17.05646212,20.01850375,20.20558326,22.25077655,22.59826719,25.31959331,24.16408096,0.419549608
157,99.79215462,111.0712016,117.7252779,124.7767941,127.46862,130.1102854,135.129267,133.4688426,136.8060278,139.0834657,0,1.186887235,2.196182279,3.221371318,4.144540171,5.098715245,6.175376332,6.888424328,7.764701236,9,11.93832482,18.04042382,23.45558329,27.21705558,29.55061888,32.72763339,38.07311069,36.56589424,39.37901057,41.66502612,-0.124761247
158,101.7094573,109.1288412,113.000333,117.9116676,119.7746145,124.2911057,126.2399513,128.8134664,132.1242965,136.8823493,0,1.0491768,2.156823894,3.096065757,3.957284513,4.942261647,6.043704523,6.961082996,8.118653171,9,11.59667397,15.60180553,21.69557724,24.05455091,26.2067017,29.84898602,32.01958928,32.52678936,34.8685048,36.07309335,-0.42856972
159,103.280621,115.207381,116.067469,124.4066394,126.3019215,129.4639125,130.8254332,128.5653177,128.626372,131.730057,0,1.094131632,1.936960087,3.207535537,4.146979076,5.245241977,6.187166828,7.216322439,7.945523457,9,13.61167242,23.25400461,28.57201982,31.79385129,39.91028549,42.58581632,44.96070909,47.48785957,48.78681877,51.49740524,1.79374997
160,98.22481436,105.2275511,112.4719325,109.1653393,116.2943655,115.929592,119.6040278,119.9763923,122.1615402,122.5434715,0,0.918961869,2.217221177,3.073849268,4.152582422,4.899424647,5.877498143,7.189988616,7.97135415,9,8.107963679,13.80047115,20.30614684,20.97847834,27.39868171,31.16398048,32.89854008,35.21065174,38.01838512,38.42926344,-1.369483108
161,101.7944795,109.6901075,113.5411825,118.0905416,122.3112952,128.1642832,129.3070291,130.320558,129.984193,135.7320167,0,0.860014551,1.896297651,2.877522933,3.942974376,5.017335867,5.889594956,7.039924703,7.792591237,9,16.85004441,24.02003923,25.6654715,32.1040942,33.25747081,39.62186217,40.44364685,40.98374917,41.97793098,45.48632974,-0.843955862
162,96.14893244,102.3519308,104.2726571,111.4762384,114.3959717,114.6176774,115.7907601,113.0847459,115.8038551,114.0225444,0,1.043789396,1.759891215,3.204891331,4.045535524,5.042258093,6.025940306,7.219189045,7.772073557,9,3.972561347,9.639312956,13.92609646,22.80343332,26.37250819,28.59693237,32.93571546,32.75716193,36.45252933,35.47915498,-0.363560649
163,99.15031525,103.9919181,113.4878321,114.0395325,121.9522345,122.7821936,124.5439369,125.960279,127.0165301,128.9110383,0,0.75156519,2.224299119,2.943314068,4.118968557,4.857795073,5.751404469,7.159802051,7.83816743,9,14.27200236,17.87630416,22.49122396,25.99363804,32.76203579,31.88539458,35.29407747,38.75693055,40.10181754,39.68852178,-0.016146863
164,102.179288,110.0445769,113.9876384,119.3100081,126.2083105,127.3064257,129.3415698,132.5159003,134.5708719,132.9748847,0,1.017144103,1.761986972,2.943838022,3.889998953,5.226018194,6.110368827,7.239053518,7.912316252,9,7.544881791,15.18236024,17.70045812,18.97194877,22.1102218,26.70737166,30.61554228,31.03794734,32.97619438,31.14294038,-0.408715564
165,104.0835077,112.2742549,115.56228,122.677528,126.6093352,131.1016602,130.7729678,137.0260262,142.5538563,143.9334747,0,0.929368083,1.8882946,2.942672836,3.903410864,5.110290078,5.753219943,6.967787617,8.241654228,9,9.187234322,15.647881,17.13547861,22.95870266,26.99871336,30.62934347,31.57699148,34.84546763,37.3606148,37.75929743,0.70732784
166,99.49980798,108.1029274,110.00528,119.3211082,119.9362408,126.6531891,127.6928312,126.329061,126.6643339,130.9017637,0,1.085674826,1.766473917,3.188838802,3.826273841,5.131432769,6.244261908,7.220917246,7.805179249,9,14.18485194,22.42897836,25.30472004,34.09589263,37.33399077,41.27781668,46.50245473,48.84723107,50.18746325,49.31876922,2.256005756
167,102.7352005,108.7539996,116.2073029,118.8137246,126.4894957,130.4171541,131.8195676,135.2141936,137.5771882,139.4369872,0,0.960489529,1.855986345,2.831173127,3.886208933,5.239901256,6.125423585,6.961793915,8.210570164,9,12.16036185,16.902717,21.56332708,26.40321545,29.91206644,32.93209262,33.13771302,37.23558354,39.40244526,39.08379197,0.398470932
168,98.96962541,101.6548689,110.1019754,112.5781558,117.7578623,120.2359367,123.8292998,126.6574899,128.3848088,130.4363531,0,0.785933092,1.956738146,2.797823693,3.845209969,5.179750426,5.937725118,7.030708913,8.06282854,9,7.461955517,11.31313724,18.11932082,20.51034087,25.21908722,28.63034066,30.4622115,32.68498276,34.73620014,35.65244302,0.84773526
169,103.9236635,111.1915021,110.4136606,116.9180932,120.398389,122.6218499,125.0109748,126.3951672,126.7080745,126.7771093,0,1.191942434,1.753110936,2.872628175,3.961941487,4.771868169,6.015097997,6.951447604,7.919061565,9,7.877492107,11.53779201,13.05366728,17.29566391,18.88421679,19.71924651,22.10008448,23.45816909,24.46408566,25.59797898,-1.458782058
170,100.6845186,108.6334444,113.5083689,117.052989,124.1643108,124.4161234,126.8830593,127.836084,128.5146708,130.0882545,0,0.760924805,2.113072074,3.12883755,4.243390464,5.190607934,6.125335273,6.965099907,7.925737399,9,6.174688147,9.900519043,14.38274458,17.0682517,22.36492577,25.52367562,27.77660095,28.28955112,30.61167338,30.70850321,-0.744007892
171,96.03709096,106.4888098,108.3218802,116.071639,114.780571,120.8992029,121.012366,119.7273833,123.5201284,122.4064775,0,1.13069881,1.771533251,3.118780178,3.756066007,4.826017395,6.21957857,6.77514964,8.217046056,9,8.344573255,16.72757879,23.11841607,26.86599135,28.8722276,35.55769798,38.0084927,40.0055837,43.15876489,42.07331009,-0.342744952
172,98.79514728,109.0589186,114.868201,116.3606484,120.1741668,128.1211366,126.7494808,130.3201453,136.8059737,135.7290132,0,0.954150638,2.159800986,2.773243976,3.861482374,5.091902556,5.994740933,6.889003857,8.161744679,9,6.589908625,9.225276381,15.66407435,18.64509561,20.30940194,23.41395739,26.29218725,28.47146169,29.83509166,29.0216778,0.410313412
173,103.3383215,110.2164553,117.8869017,124.2738249,130.1958442,134.3818277,133.5702589,135.1684039,137.018621,140.0751332,0,0.751502947,1.883690269,2.764803624,3.920211116,5.146172547,5.772802267,6.86630264,7.916249792,9,12.98380321,15.62105445,21.40085531,24.7759784,28.02093715,30.63376509,34.36092894,34.58458786,35.42284359,36.46185577,0.390722879
174,94.54320268,104.3781751,103.6214451,113.1876811,114.9069851,120.9429812,120.4797173,121.5409315,120.5346102,120.5165186,0,1.085226428,1.828582989,2.797174681,3.852111331,5.139920773,6.115921631,7.004469525,7.955600839,9,11.1401854,17.41630123,17.72157779,21.75085005,24.08425207,29.26399224,30.17442084,33.80688897,34.60838334,34.71048528,-1.060622517
175,93.7759008,101.0018582,102.7038759,107.5792165,113.8047345,115.6849273,119.9239415,118.6956993,120.1530099,125.078954,0,1.13240191,1.93120768,2.917751977,4.123762943,4.867923205,6.112173793,7.143419235,7.9450137,9,5.584072634,12.40824521,13.42436408,18.87650698,25.53148417,27.32576367,29.66007509,33.38099904,34.32951052,34.95170947,0.317136808
176,108.0335356,112.3026644,121.6732067,126.8507943,128.5284519,135.3201927,135.9565618,140.5785273,140.0319584,141.0952154,0,0.7737407,2.039267575,3.226629714,4.090329267,5.239609787,6.003190793,7.139981665,7.931437875,9,12.32839761,16.13520782,23.60958247,29.04503812,31.47058384,37.56077943,38.76346509,39.40953418,43.19763169,41.10319824,1.710161238
177,99.16980218,103.4418831,108.7843335,108.2469988,112.7270051,113.9340289,116.9081961,115.4945578,117.1016405,117.5626963,0,0.752947693,2.227345404,2.866522282,4.042573303,4.783584811,5.785802525,6.926974313,7.760840517,9,5.976558616,11.29761641,16.85030367,19.12758024,23.72404987,27.09887995,27.79195644,28.74161596,31.03080688,32.14013078,-0.371304565
178,97.65441554,106.6672875,110.8578584,115.5705722,119.2773717,121.2172192,124.0935731,126.6305995,127.9004808,127.9155222,0,1.062689124,1.988314258,3.031499802,3.931832333,5.098715969,5.878804767,6.815594241,7.841110872,9,10.18205645,16.11771769,20.59266225,25.91442406,28.90000465,31.27684036,33.37447179,36.77404342,39.76434262,38.17751971,-0.54165701
179,112.526324,116.504586,123.6316143,126.2105316,130.1847293,133.5340996,133.1370927,135.6926698,138.8081024,138.7528072,0,1.025412897,2.180128766,3.167735207,4.172331672,5.181717973,5.814636329,6.786407622,8.184357026,9,10.67958734,16.58388813,19.59434304,24.86424911,28.42424356,29.63982456,31.21007317,33.63335946,33.86252841,36.79781349,-0.418346733
180,93.05321153,97.47016174,102.2549015,105.6131756,109.9582103,108.7116375,111.2415248,109.7011798,110.2662226,111.3952094,0,0.819344557,1.938739828,3.075382632,4.193444586,4.807869884,6.117233359,7.098582145,7.973177713,9,8.46189114,11.93970497,19.99714676,23.30110543,26.08761334,28.73767304,32.2311697,34.16603467,36.9089861,37.47712601,-3.603936829
181,107.2317996,117.7018187,122.1147608,127.0421515,135.6326532,141.017645,141.2966258,146.9739283,148.5301248,150.9206588,0,1.056219132,2.141337115,2.811323027,3.973139219,5.091333658,5.843084989,7.08280464,8.137992025,9,9.131430938,14.45045322,20.82793634,21.85436854,25.85720513,29.31333268,31.22887867,32.44921879,34.05197795,35.07732439,2.015246652
182,107.7934877,114.9431474,122.9564301,125.7995788,135.1158517,139.3052769,139.7347593,142.8016818,144.6678229,145.9546705,0,0.796998394,1.917971117,2.797059218,4.130149413,5.030907769,5.92837933,6.77364417,7.769099675,9,12.57211098,16.21514295,21.84940319,23.50013568,27.55026608,29.99620435,32.59134086,34.46724251,33.6086646,35.4017573,0.794239635
183,104.515559,117.9137443,123.0099783,132.0280227,136.0071661,139.8363465,142.3910928,142.7974266,144.3223076,144.8397303,0,1.193624573,2.223087265,3.23619661,4.137936327,4.8530203,6.055647581,6.87946041,8.064838586,9,9.320365648,17.12811287,20.37654235,21.91517963,25.39952053,26.05121261,30.5846556,31.89477402,31.65551281,33.21476424,0.381921547
184,94.54571787,99.2845841,103.7891778,106.3071431,108.1597134,111.1484429,111.5982524,109.8313702,111.1653999,112.3749441,0,0.948199294,1.975987847,2.900423696,3.806617509,5.208976921,5.779887227,7.129957529,7.989496725,9,3.928677523,7.323792651,10.18626502,14.3122266,16.25877838,18.82167661,22.63986105,24.46741658,24.12026582,27.20431627,-2.314430878
185,104.2152207,112.0620781,119.4882336,123.9450667,131.7738265,135.5834901,140.372074,141.0296453,147.7315451,148.9130343,0,0.931979369,1.92847804,2.817294635,4.123381229,5.081388101,6.023555496,6.798337903,8.193126307,9,15.85054986,23.82349903,30.09488793,32.78471527,38.57360557,41.53597963,45.8196238,46.39280523,50.52147214,49.62371898,-0.353537447
186,93.65080837,101.8246536,106.9439334,112.472679,120.7507164,120.6750236,127.0656743,130.115082,131.8335595,135.7308254,0,0.965396805,2.01905248,2.810212976,4.212386888,4.75820771,6.174018684,7.247271281,8.017337556,9,6.884685409,11.78579302,17.99717744,21.02357747,25.55115719,27.67772987,33.21695314,32.90547663,34.58787371,36.37468565,0.332436559
187,89.65104251,95.97132745,103.1837087,103.4639427,107.355822,109.4568936,109.7393772,109.6999904,109.5854623,110.9085704,0,1.100329305,2.231754958,2.887974791,3.795621752,4.787158287,5.895970447,7.06196896,8.088096118,9,3.382938407,7.930997869,11.80815645,13.6559136,15.55100382,19.62747945,21.93350754,23.85608905,24.65835021,23.36918617,-2.698699314
188,91.05675329,96.11219096,100.8582496,105.0535497,111.9134118,111.9123852,112.1347948,113.0743751,114.9665843,117.1811875,0,0.97233536,1.843480369,2.948387321,4.216522792,4.929033324,6.183041175,6.90458761,7.822166885,9,8.180866344,9.425988941,15.29558781,21.83839468,27.08153704,28.72184238,31.77744588,32.86459023,34.84690258,35.19802917,-0.234474566
189,96.47311347,104.3145852,115.2061781,117.2967948,122.7911971,126.1244559,130.198528,131.3290997,132.4001819,135.7829693,0,0.846086184,2.220739646,3.056340862,4.100383504,4.860534726,6.177798459,7.248688239,7.773196929,9,10.62248928,15.77605961,23.07979551,26.94481654,32.63229214,32.32031115,38.75506726,40.38862855,40.73551299,42.82598622,0.889525455
190,98.80353753,104.0105901,107.3623472,113.8983399,117.531702,121.1033358,120.2586131,123.1033179,124.4890311,126.0192695,0,0.934583201,1.769410345,2.974054452,3.855316818,5.12718781,6.115967103,6.882339024,7.883290967,9,11.86467671,15.09491808,20.38705808,24.21928648,29.2450026,35.31983197,35.50561794,37.92298844,38.03130266,42.51280727,0.675731243
191,102.5765379,108.8417627,113.7809363,120.5763364,126.0980499,129.5675226,131.6016289,131.9642048,134.8139832,137.0792763,0,0.950930914,1.796870496,2.909387071,4.121116733,4.888727977,6.002015259,6.976552485,8.104445279,9,15.83771385,20.65586272,23.85183864,28.90872584,33.64943446,34.0177703,37.14393676,39.28801777,39.91997248,42.83584657,1.057705234
192,101.829589,109.4053306,115.528251,117.6471135,122.5618693,125.6454286,125.7529371,126.0382562,130.848372,132.4049431,0,0.984401718,1.866453403,2.855842533,4.08634611,5.156932133,6.230699134,6.819202684,8.046461525,9,2.44981965,10.95219266,16.61558745,20.19626825,25.86813811,29.48923912,33.00344948,35.04872346,36.67984719,38.68056487,-1.104209527
193,101.6025606,108.641042,110.3209628,117.0839123,119.4502546,122.9130738,122.286153,122.9634905,122.1585459,121.7819074,0,1.129603735,1.817939537,3.139363675,3.91844957,4.828651573,6.093075431,7.013628646,8.202389529,9,9.678266394,13.11673302,15.8627024,19.04838258,24.53110784,25.61292451,28.41533436,30.41640017,31.14087835,33.09486422,0.159038346
194,105.7295119,110.3247676,113.3006504,119.3614211,123.5083514,125.0218798,127.580304,128.9353564,130.7555521,132.1852778,0,1.148198315,1.869068819,2.889974071,4.152120281,5.146247636,5.79662943,7.153078276,7.928206205,9,7.665468037,10.89680981,15.11400558,18.6321919,19.2104084,24.16370245,25.15760217,27.87321411,29.27173522,28.80916466,0.360995595
195,93.65146918,102.8306455,105.3232595,112.0577166,116.8577766,123.7905786,121.845578,124.3655241,127.9999472,127.5252416,0,1.088282217,1.844216519,3.089133082,3.771202698,5.198867912,6.078356089,7.00566062,8.227007601,9,6.136984047,10.14047123,11.42041743,17.7108033,19.99038791,24.86408408,24.31341838,26.10270663,29.88933343,28.38534629,0.774890388
196,107.8289451,116.5842052,121.9519253,125.0138903,135.0554,135.8917536,138.0151037,143.0839984,143.7045397,146.3722057,0,1.135799255,2.025163774,2.806440715,4.148177865,5.014475904,5.810474365,7.052880636,7.980074581,9,19.94464947,26.84384336,32.42939479,35.65847163,42.53761504,44.93991919,48.92853346,51.67782154,52.05857315,54.75438486,1.755632446
197,99.8677373,105.1890004,111.859609,114.4278577,119.4131293,119.1150767,121.7479133,119.7124905,120.9304886,121.1948339,0,1.040176561,2.101589667,3.093639204,4.20795303,4.88807379,5.828889166,7.029557949,8.022824569,9,3.279026788,11.55233925,17.52075115,21.8258894,26.1209674,30.33806553,33.2822364,33.17119721,36.55585305,37.44495912,-0.442114811
198,106.4875354,113.763716,119.3360697,124.4905188,129.7956258,133.854135,136.4755892,141.6916169,142.406063,148.5317437,0,0.995307304,2.021337601,3.194084421,4.183865632,4.839532522,5.926817558,7.18751864,7.81752516,9,8.716021806,17.08444374,20.65413642,26.17069894,28.01475624,32.38658118,33.32028874,36.17916726,35.5925286,39.25994133,1.143263283
199,98.90668371,109.858542,111.6968297,119.1488787,121.2405873,126.1864472,127.6687802,130.643892,132.4044435,132.7319347,0,1.24185223,2.044042074,2.999628661,3.862659708,5.173850405,6.235563207,7.154199534,7.947776324,9,15.85909027,23.12403127,26.35952663,27.6161831,30.681954,34.02479476,36.23113436,37.20133527,40.44927095,39.37511897,0.066326628
200,99.92886282,105.7798472,114.8972107,119.931963,127.04054,133.0006349,134.4447171,138.042014,141.8573946,143.941553,0,0.794912844,1.820768456,2.858307215,3.993303191,5.091568749,5.910088614,7.243540162,8.131200374,9,18.54577241,22.23967415,28.49189344,34.56564504,37.49582342,42.13002818,44.209241,47.89147082,50.30309188,51.12690072,0.404937042