1,57.96866709,72.7645416,79.47373208,85.03165543,89.92515091,93.27932455,95.57772504,99.42933284,101.3182388,104.9841716,0,0.978276661,1.867745961,2.787909335,4.206196295,5.019791115,5.960886877,6.765525129,7.931114556,9
2,48.63291287,67.36181025,79.99622495,85.02771251,89.21269275,93.72527791,97.93453976,99.28256408,102.0199401,104.9989277,0,0.909392908,2.131179371,2.839680527,3.979734782,5.004434802,5.856616745,7.066470929,7.978826814,9
3,42.14749721,62.8747797,73.78970379,77.00703603,77.14879759,81.18522299,81.79434941,81.44238447,83.27085364,86.01295582,0,1.082601715,2.167463995,2.979114479,4.138347901,4.839888711,5.992130079,6.940249434,7.938746101,9
4,46.91016303,65.97048795,76.62215342,82.84206072,87.36196098,89.84320523,94.67564424,97.94034971,99.43030857,101.7672514,0,0.944963945,2.119598394,2.887508873,3.933868501,4.798009238,6.208110534,7.247938006,7.996606552,9
5,42.51322866,71.06606737,83.16818257,88.48746848,93.18413492,93.85710284,93.81406521,94.2011084,99.48514942,98.3955936,0,1.036820813,2.167753484,2.883987767,4.057735901,5.105991291,5.828841863,7.000398372,7.872597193,9
6,48.6339605,71.77098872,83.33850496,89.1971383,95.71549571,98.22974421,103.0324342,105.1188155,108.2999697,109.2052518,0,0.937244883,1.857663681,2.852757532,4.048549074,5.036157626,6.205082897,6.875258194,8.087832984,9
7,49.96219611,68.43414327,81.03307104,86.12610724,90.70907287,93.90024243,95.6797623,96.25556948,99.32653056,101.5623638,0,0.760737932,2.012944303,2.839244849,3.966450643,5.223353458,6.01108381,6.8424237,7.892328462,9
8,52.32381569,67.75140198,74.62326353,80.18846907,84.51460754,85.25754721,88.4786748,89.95914963,90.45112213,92.7352603,0,0.865360858,1.87263137,3.015330256,3.937077446,4.962731988,6.234111163,6.893435264,8.036919524,9
9,48.72768121,64.28981089,75.46425201,81.89170449,86.66278978,89.41098914,92.31938906,95.94851867,98.71163268,101.3960361,0,0.839692501,2.024308142,3.093529908,3.99219589,4.777507361,6.026569368,6.87464208,8.166368408,9
10,47.88211288,62.75546241,68.76384362,75.1077398,78.11714143,82.63894591,82.08545214,85.94023864,87.50618667,88.86707536,0,1.112691108,1.923380738,2.949076924,4.116362917,5.091448425,6.135836955,6.985749178,7.762100862,9
11,46.90677252,70.73190638,85.63330804,92.72833661,97.63634563,106.1829739,108.8566592,115.6172813,120.2015892,124.0231469,0,1.090991587,2.106384638,2.980322075,3.954665893,4.919473402,5.852926732,6.840463823,8.049869811,9
12,49.94373418,65.73059006,79.47847373,84.55828848,91.88581627,92.0957695,97.68269033,98.28172103,102.9734683,104.4007878,0,0.924309583,2.05318508,3.162722453,4.228125864,4.881184407,6.21967968,6.884570496,7.891868875,9
13,47.73450936,70.15851385,81.72893075,84.78613389,89.07220865,93.17880878,94.34328255,95.22827446,96.95740933,100.4124812,0,0.973422532,2.167427403,3.003158399,4.198052735,4.987733467,5.986027564,7.204535742,7.887134447,9
14,56.90303969,68.25549043,81.83756899,87.97941154,97.21917181,102.1520989,106.0497918,109.1241866,114.1463481,118.5774249,0,0.764571911,1.938726751,2.99712107,4.05576045,4.887677888,6.169653004,7.106899336,7.85817419,9
15,49.71207956,75.89315146,82.0810791,91.36205252,97.5164284,101.826598,103.8445486,109.9433246,110.2497994,113.9170314,0,1.182639074,1.792842176,2.957892563,3.886931521,5.183703823,5.916711471,6.969572988,8.167332662,9
16,52.63903255,64.95728875,72.70988001,77.57151499,80.70301297,80.31961582,82.59072098,84.80017233,86.67141692,88.72084816,0,1.023455577,2.159958769,3.243275054,4.129347675,5.178546076,6.244283629,7.203709063,8.074376945,9
17,48.47076548,64.25890021,77.78452781,87.83888322,91.11621216,97.87890811,100.9183246,104.6947124,109.5564627,114.788053,0,0.934469286,1.810880026,3.233923481,3.884653292,4.937383671,6.208880039,6.867262271,8.08669924,9
18,53.16402787,71.83536306,79.84301669,85.96623278,91.29506628,93.65941042,97.93488646,102.0323526,105.2354133,105.6307014,0,1.111688853,2.073651305,3.024279994,4.121400821,4.899481287,6.160148437,7.092715046,8.231589965,9
19,48.55628144,65.63763591,74.58655205,81.77104576,85.35579699,88.66661088,91.14675796,94.29685729,97.47635522,99.75415974,0,1.112465307,1.882824637,2.907991259,4.148832301,5.234837421,5.768027647,6.933453998,7.793117159,9
20,48.26716602,64.81850019,71.97969163,79.91110903,81.08155016,86.12085483,88.27481767,92.69418227,91.62240024,93.55737827,0,1.025551743,1.83840107,3.13184147,4.239472162,5.069625538,6.116902545,6.919211559,7.989768931,9
21,51.72841666,66.22371457,76.90174143,83.25314866,89.52587933,90.53965899,94.96083466,92.36982759,96.68018981,97.10130463,0,0.808244873,1.821037816,2.84328452,4.247674809,4.783057025,6.21748492,7.094399752,7.866689597,9
22,56.38495024,71.03117353,79.00477933,85.68309388,91.94754634,97.96940562,105.6390987,105.8691531,110.6554302,114.3028601,0,1.070532942,1.949658397,2.87292524,3.759165408,4.982868603,6.145952917,7.166551606,7.856917233,9
23,53.8984935,64.80558953,74.34335062,81.91209,86.93111108,87.60045461,91.35307171,94.53799295,97.95216828,101.4857379,0,0.914433204,1.807209508,3.194385331,4.006340299,4.812094446,5.957826232,7.232642283,8.001938958,9
24,51.56310726,61.11634816,66.79940478,72.16008545,76.58141524,78.69695461,84.12639123,88.03618815,90.95547935,93.85870992,0,0.867688537,1.865750125,3.014947936,4.153198419,4.757167707,6.225831731,6.996633922,7.929327001,9
25,48.88236791,63.89781285,76.49787938,84.34650133,84.89409593,93.02504824,95.03369499,96.78191138,100.2315558,104.007324,0,0.801941333,1.779471092,2.989087755,3.941801693,5.174624052,6.109286384,6.838362833,7.930629449,9
26,47.07988469,57.28846265,64.82437361,69.24659145,72.54259885,75.59090542,79.12952755,80.93698404,84.61660001,82.32171888,0,0.83078985,1.804397108,2.867008805,3.851975059,5.20719557,6.210319684,7.21367407,7.781169368,9
27,55.12879433,72.91677939,84.88353627,90.89979774,98.00906326,98.82490831,105.6070997,107.9124598,113.2536873,115.2512874,0,1.027732953,2.21432441,2.942553167,3.980739725,4.767190626,5.929896656,6.952257498,7.937961368,9
28,58.53235988,67.3005569,73.05811699,79.93972705,81.66934579,87.14052924,86.83076242,91.3089074,94.62509859,97.82304952,0,1.048084321,1.827730857,2.978899231,3.96459339,5.000340756,5.837717874,6.922831905,7.756961694,9
29,45.15182597,59.66812037,67.28608176,71.17798802,71.87582482,75.02285126,77.05433577,77.72193128,79.69474383,80.73047825,0,0.986493216,2.167465333,2.81537958,3.771560561,4.871357013,5.866335135,6.991590647,7.80951655,9
30,54.65921668,67.99196365,76.99301331,81.15757072,84.90331112,89.0545554,91.82230225,93.03010242,96.4995,96.94109085,0,1.181768208,2.238405204,3.138989905,3.805555964,5.227220961,5.752798092,7.066438542,8.119339003,9
31,50.52428626,74.21663608,79.1277415,86.94620954,93.48066357,95.65192172,98.41362554,97.96510939,99.71900364,102.7232708,0,1.192731531,1.870389763,3.103082083,4.20113081,5.110134051,5.939787304,7.006732308,7.777430263,9
32,51.79740492,71.98146914,79.70250316,89.93384764,96.59882178,99.61909953,102.7950437,107.497452,111.2383426,111.8819323,0,1.081599656,1.796696365,3.228168011,4.225233262,5.178744937,5.960206151,6.960843232,7.874480786,9
33,52.53788224,62.58899208,66.51880737,71.02862696,73.63067157,75.78336134,78.6338593,78.74333264,79.41185508,79.32283925,0,0.951955069,1.901863803,2.884806195,4.074924975,4.99098737,6.038694527,6.800653893,8.123261734,9
34,42.05493921,55.58312371,67.13620738,75.51797812,80.42291168,85.20627185,86.56426901,91.15220567,92.52966497,95.32157151,0,0.750716716,1.891263934,3.193231512,3.837067085,5.145436492,5.935549842,7.245463286,7.77863665,9
35,51.78335724,68.67410066,82.57596943,86.11041187,90.79615004,95.0766422,99.28346969,102.6029881,105.7887827,110.5515774,0,1.040039148,2.107000275,3.116276121,3.833646134,5.171977236,6.213439026,6.912213227,7.810977909,9
36,47.39473317,62.52969497,70.3161011,76.35346886,80.0217421,82.71935111,85.3227207,86.68869332,87.85065932,87.65557434,0,0.974180682,1.910305818,3.150193196,3.93214676,4.99895894,6.193264177,6.781048991,7.902597606,9
37,44.19197994,62.41836808,70.51223788,72.25049565,74.33950728,74.72632051,74.59411532,74.86185731,77.29419739,78.2554003,0,0.963179116,2.237933521,3.16815582,3.816422203,4.94187027,6.06076325,7.136776226,7.986322022,9
38,47.07630736,68.05316264,79.71337307,88.80137275,96.31527328,99.62898168,105.6590209,108.1544713,112.0520374,117.8296716,0,0.980848015,1.92776518,2.872881761,3.919821082,4.874830753,5.97305401,7.239077774,7.886236383,9
39,58.90163911,70.51453678,78.7386042,87.32332451,91.0685784,92.10688525,94.78570598,97.94582176,99.61129882,105.9753296,0,0.835546695,1.754316243,3.078073979,4.192030071,4.948678798,5.803401604,7.225087163,8.190890362,9
40,45.84783201,61.80077534,71.79216053,77.50542578,82.10755907,83.78853252,85.4959425,87.6102966,88.6108198,89.64766998,0,0.90734511,2.001967052,2.98872091,4.056632244,5.139138382,5.920211805,7.114603621,7.784366828,9
41,54.65559117,65.45949586,75.95927387,80.71266993,78.75970228,82.15259903,81.58184278,81.30332877,83.69103556,83.92675821,0,0.893784014,2.131971162,3.099787388,4.17378255,5.230153837,6.073617423,6.922373177,8.025443242,9
42,48.1940923,72.93695871,82.95431243,88.18581376,90.65376312,96.82527446,100.1561188,101.978735,107.3201887,108.6497792,0,1.174513063,2.208515689,3.106268161,4.03762575,4.963085804,5.808734076,6.842815243,7.955507806,9
43,50.908859,61.36591354,68.58695103,75.3097507,80.73955967,85.14456517,88.8439122,93.50829866,96.28477405,98.15115106,0,0.994269629,1.997727346,2.992136213,4.002138942,4.914649046,6.021925651,7.246635855,8.059365105,9
44,49.99537039,72.2769195,83.58372552,92.21157626,95.65126594,100.5967712,102.0983618,106.8483196,110.057816,112.6760194,0,1.133514051,2.027097913,3.024686637,3.931371057,4.967436568,5.785536719,6.983479509,7.750045443,9
45,52.13974734,72.62820138,81.77691697,87.79496016,95.35185682,98.09529102,103.2116589,103.8408952,105.3050424,109.474562,0,1.174288438,1.841988775,2.852280747,4.130507363,4.85129934,5.894617215,6.886428687,7.932701068,9
46,50.54930071,67.17259947,78.49377947,84.26461887,91.80710315,95.69117061,98.90136139,100.0041409,103.5901306,105.8480751,0,0.885696765,1.815584134,2.800243406,4.115439227,5.147379069,6.230081118,6.772419379,7.85532732,9
47,52.17093703,72.47101074,81.40116316,86.50222227,87.83787972,92.36586345,97.51659264,95.4247301,99.4199546,100.6670989,0,1.186261892,2.183401977,2.788918156,4.011899034,5.014301865,6.210065572,7.040035464,8.032931965,9
48,54.93518023,68.17439647,73.77015415,79.9471685,81.09901712,85.45154264,86.35060515,90.8741488,93.18685384,94.33783953,0,0.949448102,2.038524137,3.022392924,3.841134838,4.900112978,5.871156225,6.95174545,7.995420036,9
49,48.73097329,67.02643918,77.62422382,84.35266349,89.14298989,92.22238268,94.55660131,96.82886227,99.85402548,102.2505205,0,0.905305624,1.826577655,2.928283018,3.866881029,4.956602253,5.785527909,6.890949721,7.912950451,9
50,58.40245305,70.82011921,78.55024783,84.8421432,90.18802024,94.60670062,97.78449475,102.0054913,105.0218317,109.3978347,0,1.158697639,2.026062654,2.994957857,4.24044717,5.091627186,6.108835208,7.087622884,8.097439457,9
51,45.97962119,60.0639192,64.45295461,70.5752534,72.77693142,76.49164206,77.53075415,77.10882816,79.88630704,80.18965742,0,1.023251525,1.864055286,2.921753954,3.81406243,4.768447449,5.893388226,6.946990917,8.102245437,9
52,52.98208332,71.14951051,75.82788518,81.64539804,87.42721932,88.87598274,89.81310545,93.44010821,95.30787542,95.50022281,0,1.227021269,2.00842865,2.873981328,3.947826448,4.919375141,5.879243741,7.109361113,7.8376749,9
53,48.93408878,63.98669057,74.96503155,79.55910446,84.94110227,86.54643429,86.86604082,89.35107243,90.79192755,92.95989881,0,0.760820439,1.799884454,2.770771728,4.057880274,4.874210964,5.764915314,6.781105843,8.196851094,9
54,43.53804424,64.66456288,73.23794183,79.16846863,83.36899624,85.39471381,85.69959403,91.1666279,90.99699355,92.11773392,0,1.175967622,1.854931499,3.052886368,4.062580519,4.869341556,5.873445023,7.162916333,8.234634732,9
55,50.51555702,66.71625049,75.43762132,80.55482642,84.11722355,86.59357944,89.66528761,89.25975715,94.08318148,94.31128737,0,1.208487749,1.768980441,2.954674804,4.080253326,5.171390581,6.00760024,6.773967067,8.044971218,9
56,42.95551418,61.78342818,69.60743718,70.72531629,76.43449151,77.77376867,76.51077563,78.09726737,79.19293509,79.92312332,0,1.097690512,1.821068729,2.795301832,4.001011956,5.003501001,5.975762394,7.036408004,7.958513286,9
57,48.10827651,66.74471131,72.2030378,82.89889846,88.1119016,93.33188968,98.03944882,100.6374352,103.8275768,107.0582599,0,1.114461669,1.865836148,2.886011362,3.802794127,5.126028191,6.133381502,6.872157929,7.943617189,9
58,53.46766209,64.68663548,76.03287726,80.95498597,83.18976881,85.58732467,89.75526549,90.98194998,94.60510771,92.87124815,0,0.880989638,2.21783121,3.170982818,3.778338857,4.867769086,5.851672277,6.934590191,8.183712898,9
59,43.65268826,72.83513375,92.27353985,96.74337797,102.0444606,106.7717113,112.0942141,111.2037802,117.8109689,120.1886732,0,0.961655282,2.038513877,2.921524611,3.912691099,5.178035134,6.218249614,7.012488742,8.071044944,9
60,49.51553853,65.03172786,70.99610528,80.75164502,85.54321982,89.87223655,95.4875882,98.34133815,101.5495504,106.3707513,0,1.097409231,1.770869154,3.046257482,4.166716908,4.981214994,6.230932044,7.217758273,8.151488156,9
61,44.58632319,65.77330671,78.76975782,83.72109462,87.28634669,88.85940662,92.70491041,93.20397967,93.88434933,95.40919032,0,0.927656442,1.941309653,3.149580211,4.202947885,4.939912537,6.148396054,6.805956494,8.021806756,9
62,41.91471543,55.2611577,63.95766165,72.09905106,78.38435535,84.79296978,89.16103183,94.73529898,100.0301948,102.2641162,0,0.764546889,1.885177842,2.956979468,4.212570003,5.051610687,5.840948401,6.945990638,8.052519282,9
63,54.17678196,65.88928913,76.29837614,82.23748484,86.96777821,92.79856754,92.87181089,99.61940101,102.8703801,106.136326,0,0.841810445,1.856868079,2.954133845,4.092979354,5.235146111,6.064451608,7.221610762,8.108304908,9
64,52.85387623,71.43856518,82.04159237,88.19247173,88.02748869,92.65997781,93.27368435,94.05800884,96.06463049,97.44154068,0,1.051047625,2.078005824,3.191062703,3.891437808,5.222695518,6.161565992,7.032813961,8.035847292,9
65,41.07321603,64.66115631,76.15306023,80.10961364,83.82142809,84.56213533,85.36545741,86.01203835,87.63067014,90.28264101,0,1.046764142,2.238822178,3.050019042,4.04098667,5.164275124,6.119367064,6.904631065,7.766861315,9
66,47.23617966,60.92526325,70.85982966,77.08112119,80.84183019,85.10970478,92.3994897,95.36679256,97.11777627,99.50672982,0,0.856731084,2.01780593,2.929887961,3.791039619,4.811781551,6.205527242,7.182834191,8.221071614,9
67,50.06020015,68.36796722,75.52749417,83.20872889,87.3444116,92.9173607,96.85374268,100.568202,103.1329445,108.1358679,0,1.245096203,2.088001257,2.960846982,4.216979955,4.925710405,6.214549087,7.087977928,7.818736944,9
68,52.05769825,72.89321328,77.54596266,83.10951758,84.59361377,87.3063194,89.05891248,89.53472394,89.90523324,93.16604123,0,1.076859691,1.775202597,3.048202803,3.874940147,4.902239816,5.909041191,6.815673814,7.78100864,9
69,53.4733852,62.31571274,72.08564367,78.01624219,82.13775644,85.9931141,89.2555698,94.04772722,96.35493738,99.60052803,0,0.786832596,2.130690149,3.162702027,3.986730211,4.875494673,6.198301138,7.168509311,8.22727915,9
70,48.87777625,68.83949432,74.46783093,83.319923,86.28085058,90.95946283,95.20632008,98.88467014,101.3562323,107.4587725,0,1.121045972,1.814612377,3.068120009,3.950782375,4.840062728,6.123139015,6.917340282,7.989755439,9
71,54.22555424,70.76408949,76.69524241,81.5062465,85.83871166,88.83830483,92.11633636,95.02610376,95.39165941,96.26918767,0,1.095698529,2.129945447,3.093845203,4.007019214,5.113338001,6.120524197,7.124938252,8.053838365,9
72,46.29903382,64.42860969,74.69750286,79.38703504,84.25182367,88.86738848,92.01833579,93.84708534,98.36445939,101.4586978,0,1.085765647,1.996803053,2.861349794,3.828595583,5.025741502,6.209833193,6.943088094,7.87990192,9
73,46.8640794,70.95563755,84.37475664,87.13785493,89.44317472,91.92087849,91.24119378,92.00139112,94.10880231,95.13024806,0,0.955573824,2.217169352,3.146500105,4.035461711,5.116263302,6.180456242,6.786116964,7.817270205,9
74,53.14066971,69.79173401,79.65372349,86.55028934,90.931083,93.8751877,97.01312243,102.4124141,103.8169043,106.1586273,0,0.891148876,1.898538788,2.882682044,3.894333929,4.869654059,6.154896162,6.938448751,8.129066456,9
75,52.06468947,65.04480896,76.51656842,80.92549283,86.92714008,93.84655051,96.61399152,100.0554886,104.7325686,105.0472949,0,0.967199078,2.187254872,2.863618675,4.169034931,5.205353293,6.106906967,7.167352982,8.099653882,9
76,50.49492811,69.44222592,83.3531027,93.82112961,97.89082684,103.840971,107.7236311,111.0104399,117.5863815,119.9522472,0,0.94641384,1.910450473,3.027046893,3.865299282,5.110173986,6.094617263,6.780201153,8.126454851,9
77,51.28631184,73.9529699,80.95524237,90.0236595,94.55895748,100.2334597,104.6408455,105.6016819,108.8023704,111.9314076,0,1.137884783,2.02857895,2.84769157,4.151542885,5.114582875,6.227426085,7.228251218,8.019292634,9
78,45.79051984,61.65582429,68.74294028,78.23835982,82.01537739,88.53495698,92.12302278,95.84099752,100.9627871,102.9637326,0,1.247507004,1.797225213,3.089199264,3.908298476,4.947550654,6.241882257,6.947499114,8.062024791,9
79,56.75321577,67.86403781,79.09852926,84.5180449,89.87794829,94.38126767,99.81721826,102.487454,109.0531262,112.405555,0,0.902342294,2.011691136,2.984250161,3.812841745,4.990155315,6.133245562,6.788672177,7.867737156,9
80,47.22030973,62.62219951,76.72545624,88.05467148,90.40459705,95.06360251,97.55011014,100.7655811,104.0261642,108.0837526,0,0.770871148,1.79514634,3.233208969,3.762114401,4.869015053,5.806165688,6.822281286,8.086695285,9
81,48.69596993,78.17680995,85.24720233,91.38021936,99.15240386,100.493907,104.6086955,108.4566866,110.9993978,111.2265872,0,1.237914756,2.043629485,2.768603834,4.087676693,4.936174241,6.24752812,7.12880787,8.186542805,9
82,51.94867465,68.23253788,76.53541402,80.840472,86.79714419,90.02534579,91.91589347,94.79058227,97.45697471,99.43635153,0,0.98669087,1.858400366,2.802235445,4.025978416,5.056122821,5.952305444,6.787861473,8.051972714,9
83,53.39669944,68.01142995,78.88597649,87.86117019,93.36992681,95.49863479,100.8107456,103.2294331,106.9802527,111.5304505,0,0.830715672,1.756288304,3.236533723,4.10661287,5.204157534,5.847827983,7.02694448,7.813574833,9
84,52.7568664,75.47859819,88.39274642,91.96786143,96.24318506,96.39509987,98.21019078,100.8570932,100.9200761,103.6405028,0,1.054388426,2.161312973,3.148077386,4.067510787,4.799998413,6.206479224,6.855966629,8.134250245,9
85,49.7814942,64.94976032,76.12007315,79.97845467,82.54051299,85.29678633,88.59605396,91.37696675,94.75285419,98.67049182,0,0.919267107,2.167513068,3.225519684,4.061035261,4.917585777,5.79358571,7.03136855,7.889378318,9
86,45.43303026,65.09621747,81.57929185,87.45459232,89.23530606,92.43644457,95.6709111,97.00989177,99.86696518,98.86226142,0,0.760431951,1.984126987,2.774433663,3.958332155,4.895081805,6.183165439,6.884165308,8.007372927,9
87,51.09260901,63.92849133,75.64473031,83.1305192,85.5212154,91.3192351,95.60874276,99.79953221,103.5606859,109.1687199,0,0.845347435,2.008694506,2.977349905,3.863324221,4.978188728,5.933343687,6.76518974,7.770081756,9
88,50.4521053,60.93219316,70.84357482,78.19616989,80.93739782,84.21587503,84.27604637,89.14334053,90.60718317,92.95551953,0,0.876067238,1.893231707,3.127598963,3.948101279,4.963495381,5.824391005,6.964937075,8.190444451,9
89,52.69716076,73.21041766,90.6051477,94.92257118,98.71357154,101.8402584,102.7628172,105.5189942,107.9455317,109.6308999,0,0.762153308,2.141546962,2.906168495,4.188989951,5.152904332,5.917976207,7.228188386,7.952039737,9
90,49.45832956,83.06368247,91.61626581,99.84023104,104.1107848,108.3858289,107.1800514,113.5306521,115.7920449,119.3147785,0,1.219836135,2.10488858,3.205086176,4.101966636,5.089957774,5.906209764,7.138136981,7.996839205,9
91,54.66500266,69.19128198,81.59806895,88.14143588,95.73872898,96.85213261,105.8776685,107.6917767,112.5888255,117.2262899,0,1.015856731,2.149322281,3.2202561,3.866231478,4.756852122,6.201717519,6.919750132,8.020604484,9
92,42.00522816,65.42214845,72.79341757,80.7577414,83.97099415,87.09372788,92.12042232,94.21956816,96.96036742,101.0151432,0,1.175260019,1.957339074,2.923961661,3.865761778,5.223834387,5.962368518,6.977844614,8.064751749,9
93,54.59705197,73.94015484,88.57356807,94.30555071,99.31979206,101.9108589,106.4508367,108.064594,111.072612,112.9789386,0,0.815796162,2.171939501,2.981554329,3.857584148,4.843957794,6.128739547,6.815528146,8.124485921,9
94,50.99930938,64.95857341,73.48932296,80.24358917,85.60476029,91.37931612,95.81595656,99.33393752,104.4549035,107.6482779,0,1.105971737,1.836510716,2.812237095,3.765536704,5.032148977,6.108754613,6.769102699,8.012336519,9
95,51.65269099,66.93717479,78.43874033,84.83707648,89.87724621,94.07980074,97.30594413,100.9348806,104.5422361,108.6887182,0,0.875620782,2.183158377,2.948002893,3.997375548,4.950781325,6.069208984,6.912535162,8.163942052,9
96,48.68673195,63.52664803,77.81366698,83.99931512,90.32373424,93.33465384,100.6544458,104.5060576,107.3374423,108.7228496,0,0.841916059,2.178563216,2.871829741,4.010416985,4.909258935,6.044172253,7.087590892,8.124004606,9
97,40.34944218,60.60300013,66.74224668,70.80149161,73.5560947,77.21913616,79.07424632,80.25504138,84.21548668,83.04515587,0,1.248086003,2.230478101,3.193470642,4.081335743,4.868308737,6.200194224,7.053068769,8.071503079,9
98,52.94839064,70.027106,82.19617802,86.88501139,90.49141263,97.02222848,100.6332852,103.1368427,106.4735835,108.9893942,0,1.06436747,2.062889287,2.934469428,4.029611547,4.997036345,6.085473388,7.102893811,7.996770496,9
99,52.97572867,74.63914081,84.63582282,92.81084127,97.74724945,101.4708893,103.5355557,106.2650011,108.3523422,111.3799589,0,0.9658637,1.836021678,2.920864973,3.768763694,5.132235236,5.765014674,6.914556879,8.133350275,9
100,55.3399453,69.43084936,75.49326563,81.98449194,88.68749215,92.0504715,96.22495398,99.02928312,102.6716593,105.6670858,0,1.229911424,1.961557407,2.839542293,4.174989274,5.226544772,6.175310739,7.155735056,8.045852391,9
101,50.64001036,61.95247172,71.83770944,79.54913421,84.34706844,87.99988157,90.12461354,93.42049782,95.26862588,98.63475431,0,0.769708862,1.768416991,3.099474439,4.064487805,5.104336673,5.906566962,7.086714395,7.812219629,9
102,52.20846705,69.04778659,78.24289964,86.94224667,89.73404804,94.74210294,98.80743311,101.7244219,103.5439145,103.7090036,0,0.986796158,1.814183239,3.156861409,3.877366882,5.132103087,6.157275753,7.079398573,7.799501019,9
103,53.30019813,72.64516445,87.94863117,97.92393851,101.1119286,107.0573926,112.206425,114.8550573,117.311661,120.1328057,0,0.910597693,2.034455049,3.214219428,4.048130634,5.21139269,6.223071691,6.987432005,7.878722645,9
104,55.16603583,72.89310712,78.96179567,80.19659465,85.83660911,90.10725073,91.65277831,94.92661033,95.00081641,97.72225461,0,1.205202775,2.247214443,2.833021681,3.987760933,5.010034645,6.115264854,7.127939472,8.158354622,9
105,48.79347914,67.33193626,79.75762154,84.55556418,91.80293921,92.91289706,98.59418792,97.39962476,102.2319345,104.6243312,0,0.879832942,2.125681148,2.985800722,3.910743579,5.059404137,5.993541093,6.99996967,7.756882626,9
106,50.44720005,66.4964834,80.51293418,84.96513643,86.72628707,88.61463668,93.06425142,96.53033482,96.72047279,99.38275507,0,0.895602227,2.244886098,3.176467282,4.120085847,4.880992207,6.240339465,6.816003193,7.781693379,9
107,55.52606508,69.81851959,83.23761502,85.74484968,88.30793646,93.45061975,94.64572083,95.96462065,98.35136064,100.354148,0,0.980045978,2.049323036,3.085034144,3.835657505,5.111993164,6.196958365,6.791243392,8.059915705,9
108,54.42381371,70.85983606,81.57464525,91.77246805,93.82668375,98.69103743,102.515993,105.1180877,108.6496259,113.6178564,0,0.893285168,1.936621612,3.226557386,3.960504523,4.908319208,6.247883456,6.858159448,8.008613465,9
109,56.92991475,78.28063403,89.95062947,99.07504993,100.5704864,102.5697638,103.3089208,108.3637713,107.3816724,111.0906731,0,0.949097981,1.961075506,3.023449594,4.090987059,4.922745545,5.969541398,7.041435507,7.867121137,9
110,54.597855,71.33662439,87.36279007,89.43807717,97.50253368,101.1590793,104.9160467,104.7110359,111.1681571,114.1805951,0,0.804840466,2.071797303,2.776784313,3.998522361,4.967339971,6.026180752,6.856190911,7.754270135,9
111,48.20578921,67.72302561,85.09289705,87.18759615,94.0076462,96.77919672,99.9553755,104.6938374,104.6620123,108.7800172,0,0.779367254,2.172820805,2.875724209,4.200973553,4.764617358,6.08030972,6.884644993,7.750780876,9
112,51.77759918,63.72180074,70.2583205,77.47323041,81.10871707,83.79671423,87.41666259,90.19585392,91.98482338,94.77184686,0,1.092927531,1.975849509,3.236667069,3.939663189,4.964955127,5.819025698,6.809731306,8.180633026,9
113,51.76990599,59.70251243,64.37039407,69.61658637,72.32480957,76.01588356,75.59407728,80.01678117,79.21590204,82.51337628,0,1.133332342,1.937022157,2.76782787,3.942753452,5.172106569,6.089906999,7.038963609,7.787401373,9
114,52.91185407,67.1987542,76.7916658,83.74499802,85.98048485,90.95135754,93.37394802,96.09403088,100.8188615,101.4046194,0,0.889013864,1.949125043,3.073163528,3.784357335,4.753044489,5.988117416,7.031354017,7.880803774,9
115,49.48329969,71.25729632,87.68521524,92.68682604,97.45112304,104.2053542,109.4008707,112.8217958,116.5922369,119.8840009,0,1.081877638,2.148894268,2.91354266,3.763935254,5.066061336,5.86684131,7.139158178,8.150583508,9
116,50.34044299,62.63735353,69.3755971,72.65274851,77.06802509,81.22016183,85.20652348,88.61074056,89.2366399,92.75418292,0,1.054798106,2.063912407,2.908788517,3.881660978,5.112034821,5.978994223,6.824070857,8.125190272,9
117,38.14659363,60.78909465,68.45952085,74.46894369,76.50328726,76.50805872,80.46924944,79.49434442,81.0774656,82.19700234,0,1.189132127,1.901915139,3.105120607,4.165352042,4.952610754,6.070354693,6.993089206,7.925032854,9
118,45.63315551,60.80558931,72.05409302,76.28648308,78.14550268,80.29839386,83.11303909,85.61905408,85.82533054,85.77217611,0,1.039943774,2.001373096,2.911161904,3.872460013,4.79155286,5.841690189,6.937738226,7.810996579,9
119,51.07754521,64.55405026,76.79397282,80.6719269,86.48925868,89.66588955,92.35924609,93.68230315,99.29529262,102.9907707,0,0.928047929,2.127615525,2.937831865,3.933219483,5.210069633,5.931540827,6.769708468,7.882631181,9
120,47.76908775,61.10408317,69.67746684,73.41572872,76.77328475,79.88269655,83.66257791,85.19214783,88.93810796,91.59593289,0,1.209965659,2.224897432,2.940038621,3.951182921,5.061981713,5.997180118,7.190905048,8.161176355,9
121,39.59423504,65.61645362,77.56335113,85.32834871,87.39059873,90.35724225,92.66282263,96.38307463,96.39182316,100.8344575,0,1.005700425,1.980773718,3.214394772,3.884271704,4.864099602,6.061694906,7.051365869,8.097378351,9
122,49.44950592,61.73710982,68.18524303,75.55274603,80.59158622,84.37045675,86.92100819,89.76456063,91.46603191,95.87278915,0,0.992509556,1.877276385,2.853246636,3.792081054,5.036370743,5.818430022,7.115542317,7.81166528,9
123,49.59240861,67.97311127,83.86990172,86.10803355,96.72658768,100.2526053,103.1432567,108.4209033,114.2452206,117.6936415,0,0.977212796,2.061830926,2.766889824,4.156479075,5.104417901,5.76317094,6.901221782,8.1217121,9
124,49.33589764,70.10253936,79.40635399,81.81004529,85.6012678,87.48720455,89.3779789,91.8509069,93.00508776,95.23968983,0,1.118440683,2.10182015,3.014182743,3.888649659,5.114816085,5.754840207,7.222576264,7.829865288,9
125,47.27361482,62.40572752,73.95048016,76.12425823,84.30375075,83.18997099,88.83298402,88.06088306,92.54391411,95.08296362,0,0.758469084,1.865617252,2.953029011,3.88303563,4.870041739,5.764249726,7.093753595,8.012434107,9
126,54.593185,70.25400791,84.6395897,92.58765896,97.64104577,102.4699862,106.0983489,110.5478272,112.0286547,117.4724672,0,0.953489813,2.176878297,3.110882466,4.008499423,5.148997969,5.774967821,6.828383494,8.085539471,9
127,54.65981203,75.70773679,83.70589131,89.12965414,97.22842979,99.62498065,104.9120695,108.918888,115.0951729,116.2266886,0,1.235089813,2.077291763,2.786649146,3.986023242,4.933018947,5.768987208,7.179496901,8.230404879,9
128,61.13290388,67.9358307,80.09651036,82.93517637,88.8782284,90.20333909,94.6837521,97.71200541,96.98294875,99.37779951,0,0.754159445,2.083994583,3.147547565,3.939594808,4.750535818,6.053950116,7.053042299,7.998862867,9
129,49.16756711,64.73976187,71.41774137,77.47077428,80.69934155,83.93541693,86.71420172,88.48494941,91.02208334,92.80885773,0,1.086464436,1.857385451,2.773914345,3.762490922,4.848288878,6.054543657,6.779087182,7.810635255,9
130,51.60440899,64.6062936,77.83512415,82.43497338,89.86789504,91.89466696,96.10281669,99.53012965,100.0528956,102.0286298,0,0.915645094,2.052697257,2.908369507,4.064827429,4.91598986,6.05973605,6.876394863,7.896164609,9
131,52.14773021,62.69262254,73.25618219,76.27298882,80.63858695,85.11365984,89.76922692,95.87121626,95.75773868,100.1353648,0,0.93496277,2.151115086,3.197028223,3.862570968,4.793158478,5.929861527,7.1501173,7.901788593,9
132,49.36837677,74.32051735,83.66755514,90.62545232,93.71788925,94.82040658,95.71590951,96.60989282,96.74797599,97.82062166,0,1.173743056,2.118364966,3.056008793,4.107123378,5.048424126,6.094188544,7.16343117,8.141439572,9
133,43.60948471,66.55382355,77.11224681,81.72677532,85.03463769,88.87464487,89.41438816,91.61231949,94.30892294,92.5953986,0,1.073398899,2.220792944,2.987528146,4.137563717,5.238106721,6.112909786,6.754545994,8.098093571,9
134,47.34068227,65.11289924,75.72049842,80.8966639,81.52903186,84.57957708,84.57631284,85.95299705,89.18261802,88.73598344,0,0.991625939,2.112082946,3.143126152,4.139717897,5.028206554,5.971210794,6.998131539,7.878152699,9
135,47.54316517,68.08573529,74.38990751,83.89751075,85.59877274,91.36449184,93.84654445,99.42760166,101.7805433,106.0890528,0,1.219647835,1.759941202,3.018133986,4.00627746,4.829026758,5.811728828,6.981905196,7.9478865,9
136,52.27839695,65.97140129,71.58809744,77.44553957,79.6668576,84.06293396,85.36206543,88.69213166,92.91523029,94.56049595,0,1.103378368,2.048170006,3.23299446,3.772958015,5.096969842,5.855308509,7.012145406,8.229078059,9
137,47.75885192,73.38509196,82.41945184,88.08222137,90.92865577,91.6529909,94.01828842,94.84689697,95.68391,95.55434783,0,1.098763557,1.957678731,2.987170492,4.008111286,5.029480306,5.964939321,7.051785193,7.99640417,9
138,54.44295231,67.99253456,74.77936716,80.79077647,83.68034306,85.08554731,86.16196608,88.4805659,88.16718887,91.39644969,0,0.928175164,1.811428249,3.074977291,3.842299359,4.929579897,5.865109474,7.100748821,8.229329462,9
139,48.36904554,70.44455579,77.94029297,81.78959555,85.05400716,87.89864567,90.15304169,92.16742982,95.94861528,96.82202693,0,1.062775976,2.106708574,2.946463992,3.919497422,4.956703776,5.770221315,6.852117219,8.142555331,9
140,52.12753344,73.84675977,87.55930272,91.46919708,98.57766641,104.4214131,106.8379397,108.0242865,114.8172387,116.4952787,0,1.034006198,2.04199523,2.826267757,3.850531514,5.000673,5.770642206,6.946903166,8.000546139,9
141,50.18983727,64.94131275,74.27003935,83.49333434,90.8173485,96.53004647,98.89759193,104.1071919,107.7123684,109.7814554,0,0.804863773,1.751673015,2.845522232,4.058009114,5.066589203,5.793248035,7.202608128,8.040131041,9
142,51.27635775,65.20594818,82.19855011,90.61281455,95.95516771,97.24592105,103.0399298,105.6078847,110.9601078,114.6609601,0,0.798832988,2.200586969,3.231411506,4.183991005,4.94722378,5.91998844,7.180669318,7.976668816,9
143,55.73307135,66.42460273,81.3852679,85.89164982,91.30355938,95.31024959,100.1639374,102.5619788,105.7880582,109.1261067,0,0.752379897,2.221118228,2.85072967,3.845706549,5.136869214,6.169943551,6.750015533,7.974645816,9
144,40.53421447,60.0458557,68.11345804,69.5250834,78.05248875,79.96402144,82.64201551,86.26482151,88.21815537,91.12033511,0,1.158380036,1.83618211,2.750221237,3.936310709,4.879881686,5.795146856,6.814248969,8.123176381,9
145,47.86073214,60.29488232,68.53386188,71.52878197,77.35876558,77.84049188,79.2711602,79.59742221,84.83189224,83.47612203,0,0.866214403,2.014318274,2.763227924,4.235301224,4.7565402,6.228185961,6.814978347,8.097653832,9
146,50.21330981,67.54745823,80.153483,88.67810303,92.52639875,95.79013,100.1583515,102.3764093,106.022497,108.5755346,0,0.822346918,1.770716496,2.95636039,3.883109667,4.873284835,6.063700157,7.046866786,7.854052101,9
147,52.33347425,65.77271534,72.42725633,80.85306235,85.24614254,86.29736948,90.81001837,92.69783116,94.4071834,96.87287869,0,0.939266412,1.863678193,3.196258934,3.779103355,4.828090873,5.777570206,7.175638566,7.962686843,9
148,52.57782175,66.09088532,76.64441934,80.98339692,83.49311804,87.36899953,88.70256686,89.75616751,93.34921803,92.21456735,0,0.802087334,2.060892931,3.062379538,4.143517228,5.204573782,6.09123256,6.820751942,8.237220324,9
149,48.71929788,67.50839479,84.71692074,89.21855225,93.87036361,97.44544176,99.93114118,102.6719384,106.0661216,106.6877015,0,0.756445335,2.191203858,2.873053237,3.783710987,5.00098597,6.025387912,7.038700119,8.126706496,9
150,50.78239242,65.65408536,78.15199297,91.10357889,97.16708703,104.2680059,108.5193046,116.6735085,120.0702731,125.8426558,0,0.784586813,1.886028143,3.170735536,3.966033477,5.083499793,6.029403939,7.110454191,7.753392316,9
151,45.59700809,60.88952148,72.97265217,79.65150449,84.21767988,87.41603112,88.59017974,92.7117426,95.68654078,97.9157565,0,0.860979593,1.7787932,3.132989118,4.228071578,5.232648385,5.941458576,7.235313003,8.119087013,9
152,52.84925176,71.44388073,76.42577694,85.85354146,88.42147014,91.88452653,95.46950626,96.4302023,98.44685354,100.4099796,0,1.242725366,1.959371421,3.041650754,4.155114292,5.062788218,6.215034317,7.034333617,8.146799983,9
153,50.7203169,67.90399548,72.36124098,79.79378241,84.58948578,86.8148263,89.49852904,92.60742439,94.24132466,95.96225617,0,0.992043974,1.858510322,2.784179623,4.036341029,5.016351618,5.974477566,7.021693644,8.068933723,9
154,44.90433579,66.58917486,77.79207926,85.75156083,88.96346189,92.44709198,94.196981,97.59576331,99.70861832,103.3682492,0,0.850814342,1.801681768,2.877778305,3.91265063,4.86557686,6.240335635,6.902462359,7.899863038,9
155,44.92136951,54.64042478,65.11381205,67.95305161,71.68492534,76.50677845,78.64745704,79.9789906,83.49152033,85.57475855,0,0.827638088,1.98040189,2.994198289,3.828235255,5.230771492,5.760391028,7.142663038,7.973446118,9
156,52.42962678,70.02891543,80.69565741,89.08130341,93.09083423,98.94433544,100.5339495,103.9951988,107.0713308,108.6077862,0,0.877662027,1.866467341,3.077086855,3.771495477,5.238791084,5.751468577,7.168991196,8.080619186,9
157,52.10249914,73.66165438,87.14630307,94.29163701,97.27786254,103.8276236,104.5686385,107.9516617,110.2947807,111.8935771,0,0.950459214,1.949872146,2.92774082,3.871556582,5.028979534,5.890608758,6.870322728,8.160091096,9
158,46.23796335,71.99910652,81.19222055,85.3845502,88.87008801,91.88659385,93.52511217,94.27843804,95.05626119,97.24330187,0,1.154553638,2.207837496,3.121548225,4.211776211,4.963029215,6.191368261,7.008432725,7.773945001,9
159,55.40481514,76.6790309,84.53195893,92.75595645,96.16134185,99.29728378,100.2528421,103.3730611,108.1721646,107.4298972,0,1.090009082,2.026240859,3.224534243,4.108115338,5.185487268,5.853955847,6.806309637,8.204196994,9
160,44.95833045,64.85230738,69.30977667,75.5604343,79.80238906,81.40374435,82.77940018,82.77988433,83.82821506,85.44808249,0,1.131525499,1.754802395,2.928464683,4.199990765,5.119708883,5.923442358,6.979598274,8.126325689,9
161,49.55229622,65.77700673,77.92622188,83.32682759,87.77974254,91.79133605,91.07831653,92.74145194,95.37096477,99.73768461,0,0.793621728,1.941217169,3.121851369,4.140755054,5.149148956,5.959939453,6.803749291,8.240679961,9
162,46.75878197,64.42152098,71.7088332,80.39679453,86.16268632,90.17968897,93.34744276,99.47150728,100.0387985,105.9287112,0,1.040252691,2.067875529,2.910101077,4.078917915,5.199762676,5.938111199,6.998875739,8.16254264,9
163,48.19654911,68.70920852,86.2955278,91.43503309,97.17585377,101.3452748,104.5804501,109.0380309,113.6903622,116.5441874,0,0.86919015,2.154591048,3.067678948,3.986347472,5.020120744,5.979647036,6.760917119,8.247239298,9
164,51.60019053,63.83563266,71.6906528,77.2342964,78.84945918,82.02628,85.76814012,85.77543716,88.24139991,91.08768869,0,0.911813421,2.050687849,3.065639077,3.916523681,4.821188913,5.900209044,6.932725666,8.136366887,9
165,56.35389328,73.14710499,78.11770538,84.63561591,87.63007416,91.35363665,93.57135855,98.00868119,97.25545299,102.1206576,0,0.965700083,1.950049641,3.145455125,3.91794213,4.824124385,5.915129398,7.150036867,7.819838189,9
166,40.90396389,56.63295827,65.03252048,69.2814562,73.63431015,75.0502483,76.50998771,77.86986771,79.37573152,78.53306174,0,0.855794219,1.983351654,3.100270605,4.011757123,5.128507789,5.880869673,7.045407683,8.190416841,9
167,51.30126932,76.25353839,86.59915164,92.03488156,101.162462,103.4534468,105.2864128,109.0619236,111.6899504,116.4969,0,1.168650653,1.89456138,2.861861384,4.150338233,4.845075451,5.79004882,6.779418795,7.938765187,9
168,51.99214422,70.01364302,83.55561093,89.27732222,92.80927431,93.09306167,95.27163155,96.33080801,102.8133777,101.4874529,0,0.994727803,2.246207756,3.222092821,4.179951957,5.03343018,6.066182907,7.148942209,8.091746547,9
169,45.21635477,69.58538798,81.22088477,87.57056226,89.07551965,94.26992802,98.93901735,101.9851016,104.2012003,107.9694309,0,1.133011683,2.209932117,3.205212767,3.814738392,5.096374868,6.23275876,6.889203924,7.90326064,9
170,48.67899858,77.51196862,86.19231163,91.76955244,97.08711472,95.14952735,95.87364041,97.91392858,98.59673043,99.01734891,0,1.136004881,1.781682326,2.941187193,4.16133114,4.955511312,6.117704606,6.997943472,8.053781663,9
171,55.88035985,70.96611384,78.36516284,87.49917023,92.41465071,95.73934376,98.26243129,102.3232219,106.2163757,107.5226462,0,0.935260723,1.758299989,3.187621788,3.946270852,5.129083978,6.004112063,7.038225602,8.246006839,9
172,47.60956588,67.53157974,71.57289557,78.0921355,78.08769854,79.5066296,77.75344324,79.38553162,79.21674983,78.92702873,0,1.014711717,1.791782228,3.079664563,3.98564324,4.925244785,6.229621319,6.975548885,7.804963665,9
173,54.63456555,72.40931579,87.3526732,92.69526236,93.8310686,97.81721061,100.7933769,100.0805538,103.9528346,104.7646467,0,0.871163093,2.146216976,2.772124737,4.046196392,5.120184087,6.115444434,6.840267367,7.896728429,9
174,48.57185855,62.55172999,71.59244703,79.70218108,84.73978996,88.80603656,93.43370519,95.22693153,101.2264701,104.4585233,0,1.001404197,1.996917052,3.193112223,3.867399417,4.829917017,5.930687664,6.889241484,8.185547658,9
175,53.62040755,70.20032193,83.43641669,92.48734947,97.26966125,100.1927819,103.566319,109.4727351,111.457861,116.2943883,0,0.838089313,2.008810516,3.069566576,3.855098213,5.056174468,5.800706578,6.834741844,8.121715268,9
176,51.5532642,63.93432109,75.02315097,80.99287066,85.34121166,88.78407866,89.41726083,93.10300828,94.86409582,94.39332049,0,0.936753202,1.924205575,3.010517348,4.152860454,5.178443279,5.945204,7.198221987,8.201826714,9
177,51.55751935,68.65872337,75.6661985,79.71599616,84.48975188,87.03786561,87.78190392,90.34075913,94.49324216,94.27147421,0,1.096895098,1.991307344,2.979757569,4.06625186,4.860839549,5.827049237,6.758941483,8.064425494,9
178,48.47112008,66.21096224,70.70569864,75.62932504,79.48929378,80.5222373,84.926035,87.25230951,88.08701809,92.23125299,0,1.108274445,2.007073589,2.833871518,4.118844967,4.802852763,6.214309673,7.235425018,8.049519403,9
179,50.95789548,72.33420468,80.90393154,85.91837916,91.10174401,93.64229287,98.65616699,101.9970857,103.9213772,105.0715421,0,1.115207715,2.096293058,3.194332711,4.036052342,4.772691989,5.769205392,7.222747539,8.236762577,9
180,45.43408608,64.39724529,79.64034039,85.51455616,87.92533629,89.36683785,95.17654897,95.91123951,97.45789164,100.6095915,0,0.834065112,2.205654281,2.981916272,3.901304758,4.880474999,5.836422388,7.13279759,8.114630855,9
181,47.90820055,71.11600175,78.9246435,84.86515783,87.51232719,92.23488023,94.08992966,98.74514516,100.3879502,103.5822866,0,1.207826941,2.168524439,3.233535311,3.926162509,5.022653067,5.836918618,7.050529357,8.117066942,9
182,50.25928589,64.3704409,75.83304028,80.16843457,82.68361098,86.20987486,90.05583279,90.98983393,92.22701822,95.71851757,0,0.921747602,2.028518943,3.061775577,4.077047819,5.1822113,6.238155946,6.991970553,8.091549883,9
183,56.84719276,77.15802658,93.61901357,97.39677608,105.7977966,110.0916474,113.6616288,115.8345822,118.2324621,122.7111891,0,0.822308956,2.227389633,2.840332824,4.23157986,5.205454756,6.047065845,7.173565173,8.179875025,9
184,47.47207125,66.99079277,73.81156248,79.67487097,83.24346749,87.34773407,92.17225281,94.7352504,96.58267302,96.91899356,0,1.239609194,2.076106935,3.094992942,4.001419627,5.120968286,6.079910223,7.088883572,7.868209785,9
185,50.96846318,68.56051097,73.35666109,80.98096054,82.93486904,85.50983632,88.78007923,90.32262567,90.38380265,94.36489476,0,1.116865712,1.801352789,3.239032655,3.885905539,4.82769097,6.24127519,7.095872297,7.769171748,9
186,48.74217965,72.7150552,83.89857298,87.96487206,93.85708783,98.74882284,101.0494838,104.0229318,106.4509381,112.8052227,0,1.240135845,2.172992468,2.917577464,3.860692375,5.081471451,5.933010862,6.895540461,7.822943724,9
187,46.08624681,68.95763819,79.33405241,84.77182615,90.46754702,93.04815477,95.97639379,99.5789393,105.8916504,107.3836617,0,1.06644058,1.960138771,3.091512108,4.117708731,4.769647902,5.869812929,6.838919837,8.194399294,9
188,46.44982474,67.65943878,73.54510207,83.02116882,86.02017756,92.70391201,95.26233303,100.6871954,102.6456219,107.5911304,0,1.213882402,1.766566143,3.039231985,3.8613343,5.138580717,5.826324928,6.882565389,7.864417777,9
189,48.57162589,68.82024369,78.10190358,80.59580909,85.65018398,90.7321144,89.88036499,91.85376725,94.75794954,97.47133783,0,1.101060672,2.083643192,2.894524509,3.881282112,5.116139336,6.163649035,7.107127472,7.983437373,9
190,52.54169819,69.17125159,86.077841,90.83795409,94.8806577,97.98874129,100.9061797,101.0426181,104.6604981,107.5767203,0,0.767149388,1.932185484,3.166463429,4.102289365,4.956734455,6.085457725,6.973636372,7.968251753,9
191,46.14397978,70.80667422,84.36439164,87.33314807,90.55138645,97.82484775,98.05740359,100.5067436,102.5946007,105.2903409,0,1.125062256,2.118278357,2.800425652,3.774440287,5.003090167,5.788277834,6.878951177,7.92970252,9
192,53.02524542,68.40763428,75.16291981,79.97031665,82.88057643,86.60970057,88.2744583,93.50314385,95.1719553,95.00136177,0,1.119936341,1.992449862,3.226041306,3.932682418,4.960515197,6.041429722,6.897766568,8.131427055,9
193,52.73762981,67.51598277,73.30207822,80.57612473,85.32432832,88.84730802,92.59333431,94.894465,98.03287316,101.7474071,0,0.996073534,1.809797266,3.02906515,3.830691486,4.97454254,6.195968059,7.11463563,8.142520504,9
194,57.68916466,74.84670814,83.07412665,90.21533655,93.09908094,99.54411154,99.45895847,104.2165156,104.2434487,107.4747315,0,1.157503962,2.184982893,3.054290236,3.789589611,5.225687434,5.795364391,7.140103334,7.792003218,9
195,51.23809353,64.44669012,75.35003512,81.93037184,86.58620945,88.99995664,90.12205647,93.80881848,98.1377206,97.50211566,0,0.773955218,1.924959182,3.178335988,4.115543547,4.899063752,5.881792549,6.774560016,8.160165688,9
196,50.91167552,60.58450087,66.36536908,72.15104375,73.73775662,74.6361662,83.48256618,84.01752042,88.36743946,91.80898497,0,0.828550851,2.055303816,3.099197173,3.993861367,4.849818741,6.240852051,6.755920093,8.248427357,9
197,50.61533717,73.55003136,80.11969033,86.82753418,94.04281092,97.45666426,98.13829432,98.26454422,101.7487964,103.5116463,0,1.020820017,1.828919193,2.838027532,3.974056868,5.136164351,6.008567168,6.988022962,7.93274986,9
198,54.95900633,68.5571007,82.71033763,87.67358783,93.181955,96.46303498,101.1466675,103.3401473,107.9744628,111.9363345,0,0.752619893,2.05465464,2.904265446,3.922006824,5.018743649,6.022715008,6.893702033,8.127049022,9
199,49.85604385,69.94637341,73.1993306,82.68508156,89.57498443,92.16542397,93.85730144,96.06677357,99.96409983,101.6495291,0,1.09435854,1.842709694,3.089182274,4.242352508,5.214296251,5.869847508,7.135186381,8.069029172,9
200,48.55910431,66.23679911,73.43479395,79.23596826,80.00183557,82.13774638,83.17863592,84.23493819,86.64584265,84.00804811,0,1.053978348,1.846720654,2.831920572,3.836094079,4.804534351,6.16514673,7.181920408,7.793970945,9